Team,Team Name,League,Year,Games,Wins,Home Runs,RS,RA,OBP,SLG,BA,Playoffs,PlayoffsFinish
ARI,Arizona Diamondbacks,NL,2012,162,81,165,734,688,0.328,0.418,0.259,No,
ATL,Atlanta Braves,NL,2012,162,94,149,700,600,0.32,0.389,0.247,Yes,5.0
BAL,Baltimore Orioles,AL,2012,162,93,214,712,705,0.311,0.417,0.247,Yes,4.0
BOS,Boston Red Sox,AL,2012,162,69,165,734,806,0.315,0.415,0.26,No,
CHC,Chicago Cubs,NL,2012,162,61,137,613,759,0.302,0.378,0.24,No,
CHW,Chicago White Sox,AL,2012,162,85,211,748,676,0.318,0.422,0.255,No,
CIN,Cincinnati Reds,NL,2012,162,97,172,669,588,0.315,0.411,0.251,Yes,4.0
CLE,Cleveland Indians,AL,2012,162,68,136,667,845,0.324,0.381,0.251,No,
COL,Colorado Rockies,NL,2012,162,64,166,758,890,0.33,0.436,0.274,No,
DET,Detroit Tigers,AL,2012,162,88,163,726,670,0.335,0.422,0.268,Yes,2.0
HOU,Houston Astros,NL,2012,162,55,146,583,794,0.302,0.371,0.236,No,
KCR,Kansas City Royals,AL,2012,162,72,131,676,746,0.317,0.4,0.265,No,
LAA,Los Angeles Angels,AL,2012,162,89,187,767,699,0.332,0.433,0.274,No,
LAD,Los Angeles Dodgers,NL,2012,162,86,116,637,597,0.317,0.374,0.252,No,
MIA,Miami Marlins,NL,2012,162,69,137,609,724,0.308,0.382,0.244,No,
MIL,Milwaukee Brewers,NL,2012,162,83,202,776,733,0.325,0.437,0.259,No,
MIN,Minnesota Twins,AL,2012,162,66,131,701,832,0.325,0.39,0.26,No,
NYM,New York Mets,NL,2012,162,74,139,650,709,0.316,0.386,0.249,No,
NYY,New York Yankees,AL,2012,162,95,245,804,668,0.337,0.453,0.265,Yes,3.0
OAK,Oakland Athletics,AL,2012,162,94,195,713,614,0.31,0.404,0.238,Yes,4.0
PHI,Philadelphia Phillies,NL,2012,162,81,158,684,680,0.317,0.4,0.255,No,
PIT,Pittsburgh Pirates,NL,2012,162,79,170,651,674,0.304,0.395,0.243,No,
SDP,San Diego Padres,NL,2012,162,76,121,651,710,0.319,0.38,0.247,No,
SEA,Seattle Mariners,AL,2012,162,75,149,619,651,0.296,0.369,0.234,No,
SFG,San Francisco Giants,NL,2012,162,94,103,718,649,0.327,0.397,0.269,Yes,1.0
STL,St. Louis Cardinals,NL,2012,162,88,159,765,648,0.338,0.421,0.271,Yes,3.0
TBR,Tampa Bay Rays,AL,2012,162,90,175,697,577,0.317,0.394,0.24,No,
TEX,Texas Rangers,AL,2012,162,93,200,808,707,0.334,0.446,0.273,Yes,5.0
TOR,Toronto Blue Jays,AL,2012,162,73,198,716,784,0.309,0.407,0.245,No,
WSN,Washington Nationals,NL,2012,162,98,194,731,594,0.322,0.428,0.261,Yes,4.0
ARI,Arizona Diamondbacks,NL,2011,162,94,,731,662,0.322,0.413,0.25,Yes,4.0
ATL,Atlanta Braves,NL,2011,162,89,,641,605,0.308,0.387,0.243,No,
BAL,Baltimore Orioles,AL,2011,162,69,,708,860,0.316,0.413,0.257,No,
BOS,Boston Red Sox,AL,2011,162,90,,875,737,0.349,0.461,0.28,No,
CHC,Chicago Cubs,NL,2011,162,71,,654,756,0.314,0.401,0.256,No,
CHW,Chicago White Sox,AL,2011,162,79,,654,706,0.319,0.388,0.252,No,
CIN,Cincinnati Reds,NL,2011,162,79,,735,720,0.326,0.408,0.256,No,
CLE,Cleveland Indians,AL,2011,162,80,,704,760,0.317,0.396,0.25,No,
COL,Colorado Rockies,NL,2011,162,73,,735,774,0.329,0.41,0.258,No,
DET,Detroit Tigers,AL,2011,162,95,,787,711,0.34,0.434,0.277,Yes,3.0
FLA,Florida Marlins,NL,2011,162,72,,625,702,0.318,0.388,0.247,No,
HOU,Houston Astros,NL,2011,162,56,,615,796,0.311,0.374,0.258,No,
KCR,Kansas City Royals,AL,2011,162,71,,730,762,0.329,0.415,0.275,No,
LAA,Los Angeles Angels,AL,2011,162,86,,667,633,0.313,0.402,0.253,No,
LAD,Los Angeles Dodgers,NL,2011,161,82,,644,612,0.322,0.375,0.257,No,
MIL,Milwaukee Brewers,NL,2011,162,96,,721,638,0.325,0.425,0.261,Yes,3.0
MIN,Minnesota Twins,AL,2011,162,63,,619,804,0.306,0.36,0.247,No,
NYM,New York Mets,NL,2011,162,77,,718,742,0.335,0.391,0.264,No,
NYY,New York Yankees,AL,2011,162,97,,867,657,0.343,0.444,0.263,Yes,4.0
OAK,Oakland Athletics,AL,2011,162,74,,645,679,0.311,0.369,0.244,No,
PHI,Philadelphia Phillies,NL,2011,162,102,,713,529,0.323,0.395,0.253,Yes,4.0
PIT,Pittsburgh Pirates,NL,2011,162,72,,610,712,0.309,0.368,0.244,No,
SDP,San Diego Padres,NL,2011,162,71,,593,611,0.305,0.349,0.237,No,
SEA,Seattle Mariners,AL,2011,162,67,,556,675,0.292,0.348,0.233,No,
SFG,San Francisco Giants,NL,2011,162,86,,570,578,0.303,0.368,0.242,No,
STL,St. Louis Cardinals,NL,2011,162,90,,762,692,0.341,0.425,0.273,Yes,1.0
TBR,Tampa Bay Rays,AL,2011,162,91,,707,614,0.322,0.402,0.244,Yes,4.0
TEX,Texas Rangers,AL,2011,162,96,,855,677,0.34,0.46,0.283,Yes,2.0
TOR,Toronto Blue Jays,AL,2011,162,81,,743,761,0.317,0.413,0.249,No,
WSN,Washington Nationals,NL,2011,161,80,,624,643,0.309,0.383,0.242,No,
ARI,Arizona Diamondbacks,NL,2010,162,65,,713,836,0.325,0.416,0.25,No,
ATL,Atlanta Braves,NL,2010,162,91,,738,629,0.339,0.401,0.258,Yes,4.0
BAL,Baltimore Orioles,AL,2010,162,66,,613,785,0.316,0.386,0.259,No,
BOS,Boston Red Sox,AL,2010,162,89,,818,744,0.339,0.451,0.268,No,
CHC,Chicago Cubs,NL,2010,162,75,,685,767,0.32,0.401,0.257,No,
CHW,Chicago White Sox,AL,2010,162,88,,752,704,0.332,0.42,0.268,No,
CIN,Cincinnati Reds,NL,2010,162,91,,790,685,0.338,0.436,0.272,Yes,4.0
CLE,Cleveland Indians,AL,2010,162,69,,646,752,0.322,0.378,0.248,No,
COL,Colorado Rockies,NL,2010,162,83,,770,717,0.336,0.425,0.263,No,
DET,Detroit Tigers,AL,2010,162,81,,751,743,0.335,0.415,0.268,No,
FLA,Florida Marlins,NL,2010,162,80,,719,717,0.321,0.403,0.254,No,
HOU,Houston Astros,NL,2010,162,76,,611,729,0.303,0.362,0.247,No,
KCR,Kansas City Royals,AL,2010,162,67,,676,845,0.331,0.399,0.274,No,
LAA,Los Angeles Angels,AL,2010,162,80,,681,702,0.311,0.39,0.248,No,
LAD,Los Angeles Dodgers,NL,2010,162,80,,667,692,0.322,0.379,0.252,No,
MIL,Milwaukee Brewers,NL,2010,162,77,,750,804,0.335,0.424,0.262,No,
MIN,Minnesota Twins,AL,2010,162,94,,781,671,0.341,0.422,0.273,Yes,4.0
NYM,New York Mets,NL,2010,162,79,,656,652,0.314,0.383,0.249,No,
NYY,New York Yankees,AL,2010,162,95,,859,693,0.35,0.436,0.267,Yes,3.0
OAK,Oakland Athletics,AL,2010,162,81,,663,626,0.324,0.378,0.256,No,
PHI,Philadelphia Phillies,NL,2010,162,97,,772,640,0.332,0.413,0.26,Yes,3.0
PIT,Pittsburgh Pirates,NL,2010,162,57,,587,866,0.304,0.373,0.242,No,
SDP,San Diego Padres,NL,2010,162,90,,665,581,0.317,0.371,0.246,No,
SEA,Seattle Mariners,AL,2010,162,61,,513,698,0.298,0.339,0.236,No,
SFG,San Francisco Giants,NL,2010,162,92,,697,583,0.321,0.408,0.257,Yes,1.0
STL,St. Louis Cardinals,NL,2010,162,86,,736,641,0.332,0.402,0.263,No,
TBR,Tampa Bay Rays,AL,2010,162,96,,802,649,0.333,0.403,0.247,Yes,4.0
TEX,Texas Rangers,AL,2010,162,90,,787,687,0.338,0.419,0.276,Yes,2.0
TOR,Toronto Blue Jays,AL,2010,162,85,,755,728,0.312,0.454,0.248,No,
WSN,Washington Nationals,NL,2010,162,69,,655,742,0.318,0.39,0.25,No,
ARI,Arizona Diamondbacks,NL,2009,162,70,,720,782,0.324,0.418,0.253,No,
ATL,Atlanta Braves,NL,2009,162,86,,735,641,0.339,0.405,0.263,No,
BAL,Baltimore Orioles,AL,2009,162,64,,741,876,0.332,0.415,0.268,No,
BOS,Boston Red Sox,AL,2009,162,95,,872,736,0.352,0.454,0.27,Yes,4.0
CHC,Chicago Cubs,NL,2009,161,83,,707,672,0.332,0.407,0.255,No,
CHW,Chicago White Sox,AL,2009,162,79,,724,732,0.329,0.411,0.258,No,
CIN,Cincinnati Reds,NL,2009,162,78,,673,723,0.318,0.394,0.247,No,
CLE,Cleveland Indians,AL,2009,162,65,,773,865,0.339,0.417,0.264,No,
COL,Colorado Rockies,NL,2009,162,92,,804,715,0.343,0.441,0.261,Yes,4.0
DET,Detroit Tigers,AL,2009,163,86,,743,745,0.331,0.416,0.26,No,
FLA,Florida Marlins,NL,2009,162,87,,772,766,0.34,0.416,0.268,No,
HOU,Houston Astros,NL,2009,162,74,,643,770,0.319,0.4,0.26,No,
KCR,Kansas City Royals,AL,2009,162,65,,686,842,0.318,0.405,0.259,No,
LAA,Los Angeles Angels,AL,2009,162,97,,883,761,0.35,0.441,0.285,Yes,3.0
LAD,Los Angeles Dodgers,NL,2009,162,95,,780,611,0.346,0.412,0.27,Yes,3.0
MIL,Milwaukee Brewers,NL,2009,162,80,,785,818,0.341,0.426,0.263,No,
MIN,Minnesota Twins,AL,2009,163,87,,817,765,0.345,0.429,0.274,Yes,4.0
NYM,New York Mets,NL,2009,162,70,,671,757,0.335,0.394,0.27,No,
NYY,New York Yankees,AL,2009,162,103,,915,753,0.362,0.478,0.283,Yes,1.0
OAK,Oakland Athletics,AL,2009,162,75,,759,761,0.328,0.397,0.262,No,
PHI,Philadelphia Phillies,NL,2009,162,93,,820,709,0.334,0.447,0.258,Yes,2.0
PIT,Pittsburgh Pirates,NL,2009,161,62,,636,768,0.318,0.387,0.252,No,
SDP,San Diego Padres,NL,2009,162,75,,638,769,0.321,0.381,0.242,No,
SEA,Seattle Mariners,AL,2009,162,85,,640,692,0.314,0.402,0.258,No,
SFG,San Francisco Giants,NL,2009,162,88,,657,611,0.309,0.389,0.257,No,
STL,St. Louis Cardinals,NL,2009,162,91,,730,640,0.332,0.415,0.263,Yes,4.0
TBR,Tampa Bay Rays,AL,2009,162,84,,803,754,0.343,0.439,0.263,No,
TEX,Texas Rangers,AL,2009,162,87,,784,740,0.32,0.445,0.26,No,
TOR,Toronto Blue Jays,AL,2009,162,75,,798,771,0.333,0.44,0.266,No,
WSN,Washington Nationals,NL,2009,162,59,,710,874,0.337,0.406,0.258,No,
ARI,Arizona Diamondbacks,NL,2008,162,82,,720,706,0.327,0.415,0.251,No,
ATL,Atlanta Braves,NL,2008,162,72,,753,778,0.345,0.408,0.27,No,
BAL,Baltimore Orioles,AL,2008,161,68,,782,869,0.333,0.429,0.267,No,
BOS,Boston Red Sox,AL,2008,162,95,,845,694,0.358,0.447,0.28,Yes,3.0
CHC,Chicago Cubs,NL,2008,161,97,,855,671,0.354,0.443,0.278,Yes,4.0
CHW,Chicago White Sox,AL,2008,163,89,,811,729,0.332,0.448,0.263,Yes,4.0
CIN,Cincinnati Reds,NL,2008,162,74,,704,800,0.321,0.408,0.247,No,
CLE,Cleveland Indians,AL,2008,162,81,,805,761,0.339,0.424,0.262,No,
COL,Colorado Rockies,NL,2008,162,74,,747,822,0.336,0.415,0.263,No,
DET,Detroit Tigers,AL,2008,162,74,,821,857,0.34,0.444,0.271,No,
FLA,Florida Marlins,NL,2008,161,84,,770,767,0.326,0.433,0.254,No,
HOU,Houston Astros,NL,2008,161,86,,712,743,0.323,0.415,0.263,No,
KCR,Kansas City Royals,AL,2008,162,75,,691,781,0.32,0.397,0.269,No,
LAA,Los Angeles Angels,AL,2008,162,100,,765,697,0.33,0.413,0.268,Yes,4.0
LAD,Los Angeles Dodgers,NL,2008,162,84,,700,648,0.333,0.399,0.264,Yes,3.0
MIL,Milwaukee Brewers,NL,2008,162,90,,750,689,0.325,0.431,0.253,Yes,4.0
MIN,Minnesota Twins,AL,2008,163,88,,829,745,0.34,0.408,0.279,No,
NYM,New York Mets,NL,2008,162,89,,799,715,0.34,0.42,0.266,No,
NYY,New York Yankees,AL,2008,162,89,,789,727,0.342,0.427,0.271,No,
OAK,Oakland Athletics,AL,2008,161,75,,646,690,0.318,0.369,0.242,No,
PHI,Philadelphia Phillies,NL,2008,162,92,,799,680,0.332,0.438,0.255,Yes,1.0
PIT,Pittsburgh Pirates,NL,2008,162,67,,735,884,0.32,0.403,0.258,No,
SDP,San Diego Padres,NL,2008,162,63,,637,764,0.317,0.39,0.25,No,
SEA,Seattle Mariners,AL,2008,162,61,,671,811,0.318,0.389,0.265,No,
SFG,San Francisco Giants,NL,2008,162,72,,640,759,0.321,0.382,0.262,No,
STL,St. Louis Cardinals,NL,2008,162,86,,779,725,0.35,0.433,0.281,No,
TBR,Tampa Bay Rays,AL,2008,162,97,,774,671,0.34,0.422,0.26,Yes,2.0
TEX,Texas Rangers,AL,2008,162,79,,901,967,0.354,0.462,0.283,No,
TOR,Toronto Blue Jays,AL,2008,162,86,,714,610,0.331,0.399,0.264,No,
WSN,Washington Nationals,NL,2008,161,59,,641,825,0.323,0.373,0.251,No,
ARI,Arizona Diamondbacks,NL,2007,162,90,,712,732,0.321,0.413,0.25,Yes,3.0
ATL,Atlanta Braves,NL,2007,162,84,,810,733,0.339,0.435,0.275,No,
BAL,Baltimore Orioles,AL,2007,162,69,,756,868,0.333,0.412,0.272,No,
BOS,Boston Red Sox,AL,2007,162,96,,867,657,0.362,0.444,0.279,Yes,1.0
CHC,Chicago Cubs,NL,2007,162,85,,752,690,0.333,0.422,0.271,Yes,4.0
CHW,Chicago White Sox,AL,2007,162,72,,693,839,0.318,0.404,0.246,No,
CIN,Cincinnati Reds,NL,2007,162,72,,783,853,0.335,0.436,0.267,No,
CLE,Cleveland Indians,AL,2007,162,96,,811,704,0.343,0.428,0.268,Yes,3.0
COL,Colorado Rockies,NL,2007,163,90,,860,758,0.354,0.437,0.28,Yes,2.0
DET,Detroit Tigers,AL,2007,162,88,,887,797,0.345,0.458,0.287,No,
FLA,Florida Marlins,NL,2007,162,71,,790,891,0.336,0.448,0.267,No,
HOU,Houston Astros,NL,2007,162,73,,723,813,0.33,0.412,0.26,No,
KCR,Kansas City Royals,AL,2007,162,69,,706,778,0.322,0.388,0.261,No,
LAA,Los Angeles Angels,AL,2007,162,94,,822,731,0.345,0.417,0.284,Yes,4.0
LAD,Los Angeles Dodgers,NL,2007,162,82,,735,727,0.337,0.406,0.275,No,
MIL,Milwaukee Brewers,NL,2007,162,83,,801,776,0.329,0.456,0.262,No,
MIN,Minnesota Twins,AL,2007,162,79,,718,725,0.33,0.391,0.264,No,
NYM,New York Mets,NL,2007,162,88,,804,750,0.342,0.432,0.275,No,
NYY,New York Yankees,AL,2007,162,94,,968,777,0.366,0.463,0.29,Yes,4.0
OAK,Oakland Athletics,AL,2007,162,76,,741,758,0.338,0.407,0.256,No,
PHI,Philadelphia Phillies,NL,2007,162,89,,892,821,0.354,0.458,0.274,Yes,4.0
PIT,Pittsburgh Pirates,NL,2007,162,68,,724,846,0.325,0.411,0.263,No,
SDP,San Diego Padres,NL,2007,163,89,,741,666,0.322,0.411,0.251,No,
SEA,Seattle Mariners,AL,2007,162,88,,794,813,0.337,0.425,0.287,No,
SFG,San Francisco Giants,NL,2007,162,71,,683,720,0.322,0.387,0.254,No,
STL,St. Louis Cardinals,NL,2007,162,78,,725,829,0.337,0.405,0.274,No,
TBD,Tampa Bay Devil Rays,AL,2007,162,66,,782,944,0.336,0.433,0.268,No,
TEX,Texas Rangers,AL,2007,162,75,,816,844,0.328,0.426,0.263,No,
TOR,Toronto Blue Jays,AL,2007,162,83,,753,699,0.327,0.419,0.259,No,
WSN,Washington Nationals,NL,2007,162,73,,673,783,0.325,0.39,0.256,No,
ARI,Arizona Diamondbacks,NL,2006,162,76,,773,788,0.331,0.424,0.267,No,
ATL,Atlanta Braves,NL,2006,162,79,,849,805,0.337,0.455,0.27,No,
BAL,Baltimore Orioles,AL,2006,162,70,,768,899,0.339,0.424,0.277,No,
BOS,Boston Red Sox,AL,2006,162,86,,820,825,0.351,0.435,0.269,No,
CHC,Chicago Cubs,NL,2006,162,66,,716,834,0.319,0.422,0.268,No,
CHW,Chicago White Sox,AL,2006,162,90,,868,794,0.342,0.464,0.28,No,
CIN,Cincinnati Reds,NL,2006,162,80,,749,801,0.336,0.432,0.257,No,
CLE,Cleveland Indians,AL,2006,162,78,,870,782,0.349,0.457,0.28,No,
COL,Colorado Rockies,NL,2006,162,76,,813,812,0.341,0.433,0.27,No,
DET,Detroit Tigers,AL,2006,162,95,,822,675,0.329,0.449,0.274,Yes,2.0
FLA,Florida Marlins,NL,2006,162,78,,758,772,0.331,0.435,0.264,No,
HOU,Houston Astros,NL,2006,162,82,,735,719,0.332,0.409,0.255,No,
KCR,Kansas City Royals,AL,2006,162,62,,757,971,0.332,0.411,0.271,No,
LAA,Los Angeles Angels,AL,2006,162,89,,766,732,0.334,0.425,0.274,No,
LAD,Los Angeles Dodgers,NL,2006,162,88,,820,751,0.348,0.432,0.276,Yes,4.0
MIL,Milwaukee Brewers,NL,2006,162,75,,730,833,0.327,0.42,0.258,No,
MIN,Minnesota Twins,AL,2006,162,96,,801,683,0.347,0.425,0.287,Yes,4.0
NYM,New York Mets,NL,2006,162,97,,834,731,0.334,0.445,0.264,Yes,3.0
NYY,New York Yankees,AL,2006,162,97,,930,767,0.363,0.461,0.285,Yes,4.0
OAK,Oakland Athletics,AL,2006,162,93,,771,727,0.34,0.412,0.26,Yes,3.0
PHI,Philadelphia Phillies,NL,2006,162,85,,865,812,0.347,0.447,0.267,No,
PIT,Pittsburgh Pirates,NL,2006,162,67,,691,797,0.327,0.397,0.263,No,
SDP,San Diego Padres,NL,2006,162,88,,731,679,0.332,0.416,0.263,Yes,4.0
SEA,Seattle Mariners,AL,2006,162,78,,756,792,0.325,0.424,0.272,No,
SFG,San Francisco Giants,NL,2006,161,76,,746,790,0.324,0.422,0.259,No,
STL,St. Louis Cardinals,NL,2006,161,83,,781,762,0.337,0.431,0.269,Yes,1.0
TBD,Tampa Bay Devil Rays,AL,2006,162,61,,689,856,0.314,0.42,0.255,No,
TEX,Texas Rangers,AL,2006,162,80,,835,784,0.338,0.446,0.278,No,
TOR,Toronto Blue Jays,AL,2006,162,87,,809,754,0.348,0.463,0.284,No,
WSN,Washington Nationals,NL,2006,162,71,,746,872,0.338,0.418,0.262,No,
ARI,Arizona Diamondbacks,NL,2005,162,77,,696,856,0.332,0.421,0.256,No,
ATL,Atlanta Braves,NL,2005,162,90,,769,674,0.333,0.435,0.265,Yes,4.0
BAL,Baltimore Orioles,AL,2005,162,74,,729,800,0.327,0.434,0.269,No,
BOS,Boston Red Sox,AL,2005,162,95,,910,805,0.357,0.454,0.281,Yes,4.0
CHC,Chicago Cubs,NL,2005,162,79,,703,714,0.324,0.44,0.27,No,
CHW,Chicago White Sox,AL,2005,162,99,,741,645,0.322,0.425,0.262,Yes,1.0
CIN,Cincinnati Reds,NL,2005,163,73,,820,889,0.339,0.446,0.261,No,
CLE,Cleveland Indians,AL,2005,162,93,,790,642,0.334,0.453,0.271,No,
COL,Colorado Rockies,NL,2005,162,67,,740,862,0.333,0.411,0.267,No,
DET,Detroit Tigers,AL,2005,162,71,,723,787,0.321,0.428,0.272,No,
FLA,Florida Marlins,NL,2005,162,83,,717,732,0.339,0.409,0.272,No,
HOU,Houston Astros,NL,2005,163,89,,693,609,0.322,0.408,0.256,Yes,2.0
KCR,Kansas City Royals,AL,2005,162,56,,701,935,0.32,0.396,0.263,No,
LAA,Los Angeles Angels,AL,2005,162,95,,761,643,0.325,0.409,0.27,Yes,3.0
LAD,Los Angeles Dodgers,NL,2005,162,71,,685,755,0.326,0.395,0.253,No,
MIL,Milwaukee Brewers,NL,2005,162,81,,726,697,0.331,0.423,0.259,No,
MIN,Minnesota Twins,AL,2005,162,83,,688,662,0.323,0.391,0.259,No,
NYM,New York Mets,NL,2005,162,83,,722,648,0.322,0.416,0.258,No,
NYY,New York Yankees,AL,2005,162,95,,886,789,0.355,0.45,0.276,Yes,4.0
OAK,Oakland Athletics,AL,2005,162,88,,772,658,0.33,0.407,0.262,No,
PHI,Philadelphia Phillies,NL,2005,162,88,,807,726,0.348,0.423,0.27,No,
PIT,Pittsburgh Pirates,NL,2005,162,67,,680,769,0.322,0.4,0.259,No,
SDP,San Diego Padres,NL,2005,162,82,,684,726,0.333,0.391,0.257,Yes,4.0
SEA,Seattle Mariners,AL,2005,162,69,,699,751,0.317,0.391,0.256,No,
SFG,San Francisco Giants,NL,2005,162,75,,649,745,0.319,0.396,0.261,No,
STL,St. Louis Cardinals,NL,2005,162,100,,805,634,0.339,0.423,0.27,Yes,3.0
TBD,Tampa Bay Devil Rays,AL,2005,162,67,,750,936,0.329,0.425,0.274,No,
TEX,Texas Rangers,AL,2005,162,79,,865,858,0.329,0.468,0.267,No,
TOR,Toronto Blue Jays,AL,2005,162,80,,775,705,0.331,0.407,0.265,No,
WSN,Washington Nationals,NL,2005,162,81,,639,673,0.322,0.386,0.252,No,
ANA,Anaheim Angels,AL,2004,162,92,,836,734,0.341,0.429,0.282,Yes,4.0
ARI,Arizona Diamondbacks,NL,2004,162,51,,615,899,0.31,0.393,0.253,No,
ATL,Atlanta Braves,NL,2004,162,96,,803,668,0.343,0.434,0.27,Yes,4.0
BAL,Baltimore Orioles,AL,2004,162,78,,842,830,0.345,0.432,0.281,No,
BOS,Boston Red Sox,AL,2004,162,98,,949,768,0.36,0.472,0.282,Yes,1.0
CHC,Chicago Cubs,NL,2004,162,89,,789,665,0.328,0.458,0.268,No,
CHW,Chicago White Sox,AL,2004,162,83,,865,831,0.333,0.457,0.268,No,
CIN,Cincinnati Reds,NL,2004,162,76,,750,907,0.331,0.418,0.25,No,
CLE,Cleveland Indians,AL,2004,162,80,,858,857,0.351,0.444,0.276,No,
COL,Colorado Rockies,NL,2004,162,68,,833,923,0.345,0.455,0.275,No,
DET,Detroit Tigers,AL,2004,162,72,,827,844,0.337,0.449,0.272,No,
FLA,Florida Marlins,NL,2004,162,83,,718,700,0.329,0.406,0.264,No,
HOU,Houston Astros,NL,2004,162,92,,803,698,0.342,0.436,0.267,Yes,3.0
KCR,Kansas City Royals,AL,2004,162,58,,720,905,0.322,0.397,0.259,No,
LAD,Los Angeles Dodgers,NL,2004,162,93,,761,684,0.332,0.423,0.262,Yes,4.0
MIL,Milwaukee Brewers,NL,2004,161,67,,634,757,0.321,0.387,0.248,No,
MIN,Minnesota Twins,AL,2004,162,92,,780,715,0.332,0.431,0.266,Yes,4.0
MON,Montreal Expos,NL,2004,162,67,,635,769,0.313,0.392,0.249,No,
NYM,New York Mets,NL,2004,162,71,,684,731,0.317,0.409,0.249,No,
NYY,New York Yankees,AL,2004,162,101,,897,808,0.353,0.458,0.268,Yes,3.0
OAK,Oakland Athletics,AL,2004,162,91,,793,742,0.343,0.433,0.27,No,
PHI,Philadelphia Phillies,NL,2004,162,86,,840,781,0.345,0.443,0.267,No,
PIT,Pittsburgh Pirates,NL,2004,161,72,,680,744,0.321,0.401,0.26,No,
SDP,San Diego Padres,NL,2004,162,87,,768,705,0.342,0.414,0.273,No,
SEA,Seattle Mariners,AL,2004,162,63,,698,823,0.331,0.396,0.27,No,
SFG,San Francisco Giants,NL,2004,162,91,,850,770,0.357,0.438,0.27,No,
STL,St. Louis Cardinals,NL,2004,162,105,,855,659,0.344,0.46,0.278,Yes,2.0
TBD,Tampa Bay Devil Rays,AL,2004,161,70,,714,842,0.32,0.405,0.258,No,
TEX,Texas Rangers,AL,2004,162,89,,860,794,0.329,0.457,0.266,No,
TOR,Toronto Blue Jays,AL,2004,161,67,,719,823,0.328,0.403,0.26,No,
ANA,Anaheim Angels,AL,2003,162,77,,736,743,0.33,0.413,0.268,No,
ARI,Arizona Diamondbacks,NL,2003,162,84,,717,685,0.33,0.417,0.263,No,
ATL,Atlanta Braves,NL,2003,162,101,,907,740,0.349,0.475,0.284,Yes,4.0
BAL,Baltimore Orioles,AL,2003,163,71,,743,820,0.323,0.405,0.268,No,
BOS,Boston Red Sox,AL,2003,162,95,,961,809,0.36,0.491,0.289,Yes,3.0
CHC,Chicago Cubs,NL,2003,162,88,,724,683,0.323,0.416,0.259,Yes,3.0
CHW,Chicago White Sox,AL,2003,162,86,,791,715,0.331,0.446,0.263,No,
CIN,Cincinnati Reds,NL,2003,162,69,,694,886,0.318,0.395,0.245,No,
CLE,Cleveland Indians,AL,2003,162,68,,699,778,0.316,0.401,0.254,No,
COL,Colorado Rockies,NL,2003,162,74,,853,892,0.344,0.445,0.267,No,
DET,Detroit Tigers,AL,2003,162,43,,591,928,0.3,0.375,0.24,No,
FLA,Florida Marlins,NL,2003,162,91,,751,692,0.333,0.421,0.266,Yes,1.0
HOU,Houston Astros,NL,2003,162,87,,805,677,0.336,0.431,0.263,No,
KCR,Kansas City Royals,AL,2003,162,83,,836,867,0.336,0.427,0.274,No,
LAD,Los Angeles Dodgers,NL,2003,162,85,,574,556,0.303,0.368,0.243,No,
MIL,Milwaukee Brewers,NL,2003,162,68,,714,873,0.329,0.419,0.256,No,
MIN,Minnesota Twins,AL,2003,162,90,,801,758,0.341,0.431,0.277,Yes,4.0
MON,Montreal Expos,NL,2003,162,83,,711,716,0.326,0.401,0.258,No,
NYM,New York Mets,NL,2003,161,66,,642,754,0.314,0.374,0.247,No,
NYY,New York Yankees,AL,2003,163,101,,877,716,0.356,0.453,0.271,Yes,2.0
OAK,Oakland Athletics,AL,2003,162,96,,768,643,0.327,0.417,0.254,Yes,4.0
PHI,Philadelphia Phillies,NL,2003,162,86,,791,697,0.343,0.419,0.261,No,
PIT,Pittsburgh Pirates,NL,2003,162,75,,753,801,0.338,0.42,0.267,No,
SDP,San Diego Padres,NL,2003,162,64,,678,831,0.333,0.388,0.261,No,
SEA,Seattle Mariners,AL,2003,162,93,,795,637,0.344,0.41,0.271,No,
SFG,San Francisco Giants,NL,2003,161,100,,755,638,0.338,0.425,0.264,Yes,4.0
STL,St. Louis Cardinals,NL,2003,162,85,,876,796,0.35,0.454,0.279,No,
TBD,Tampa Bay Devil Rays,AL,2003,162,63,,715,852,0.32,0.404,0.265,No,
TEX,Texas Rangers,AL,2003,162,71,,826,969,0.33,0.454,0.266,No,
TOR,Toronto Blue Jays,AL,2003,162,86,,894,826,0.349,0.455,0.279,No,
ANA,Anaheim Angels,AL,2002,162,99,,851,644,0.341,0.433,0.282,Yes,1.0
ARI,Arizona Diamondbacks,NL,2002,162,98,,819,674,0.346,0.423,0.267,Yes,4.0
ATL,Atlanta Braves,NL,2002,161,101,,708,565,0.331,0.409,0.26,Yes,4.0
BAL,Baltimore Orioles,AL,2002,162,67,,667,773,0.309,0.403,0.246,No,
BOS,Boston Red Sox,AL,2002,162,93,,859,665,0.345,0.444,0.277,No,
CHC,Chicago Cubs,NL,2002,162,67,,706,759,0.321,0.413,0.246,No,
CHW,Chicago White Sox,AL,2002,162,81,,856,798,0.338,0.449,0.268,No,
CIN,Cincinnati Reds,NL,2002,162,78,,709,774,0.33,0.408,0.253,No,
CLE,Cleveland Indians,AL,2002,162,74,,739,837,0.321,0.412,0.249,No,
COL,Colorado Rockies,NL,2002,162,73,,778,898,0.337,0.423,0.274,No,
DET,Detroit Tigers,AL,2002,161,55,,575,864,0.3,0.379,0.248,No,
FLA,Florida Marlins,NL,2002,162,79,,699,763,0.337,0.403,0.261,No,
HOU,Houston Astros,NL,2002,162,84,,749,695,0.338,0.417,0.262,No,
KCR,Kansas City Royals,AL,2002,162,62,,737,891,0.323,0.398,0.256,No,
LAD,Los Angeles Dodgers,NL,2002,162,92,,713,643,0.32,0.409,0.264,No,
MIL,Milwaukee Brewers,NL,2002,162,56,,627,821,0.32,0.39,0.253,No,
MIN,Minnesota Twins,AL,2002,161,94,,768,712,0.332,0.437,0.272,Yes,3.0
MON,Montreal Expos,NL,2002,162,83,,735,718,0.334,0.418,0.261,No,
NYM,New York Mets,NL,2002,161,75,,690,703,0.322,0.395,0.256,No,
NYY,New York Yankees,AL,2002,161,103,,897,697,0.354,0.455,0.275,Yes,4.0
OAK,Oakland Athletics,AL,2002,162,103,,800,654,0.339,0.432,0.261,Yes,4.0
PHI,Philadelphia Phillies,NL,2002,161,80,,710,724,0.339,0.422,0.259,No,
PIT,Pittsburgh Pirates,NL,2002,161,72,,641,730,0.319,0.381,0.244,No,
SDP,San Diego Padres,NL,2002,162,66,,662,815,0.321,0.381,0.253,No,
SEA,Seattle Mariners,AL,2002,162,93,,814,699,0.35,0.419,0.275,No,
SFG,San Francisco Giants,NL,2002,162,95,,783,616,0.344,0.442,0.267,Yes,2.0
STL,St. Louis Cardinals,NL,2002,162,97,,787,648,0.338,0.425,0.268,Yes,3.0
TBD,Tampa Bay Devil Rays,AL,2002,161,55,,673,918,0.314,0.39,0.253,No,
TEX,Texas Rangers,AL,2002,162,72,,843,882,0.338,0.455,0.269,No,
TOR,Toronto Blue Jays,AL,2002,162,78,,813,828,0.327,0.43,0.261,No,
ANA,Anaheim Angels,AL,2001,162,75,,691,730,0.327,0.405,0.261,No,
ARI,Arizona Diamondbacks,NL,2001,162,92,,818,677,0.341,0.442,0.267,Yes,1.0
ATL,Atlanta Braves,NL,2001,162,88,,729,643,0.324,0.412,0.26,Yes,3.0
BAL,Baltimore Orioles,AL,2001,162,63,,687,829,0.319,0.38,0.248,No,
BOS,Boston Red Sox,AL,2001,161,82,,772,745,0.334,0.439,0.266,No,
CHC,Chicago Cubs,NL,2001,162,88,,777,701,0.336,0.43,0.261,No,
CHW,Chicago White Sox,AL,2001,162,83,,798,795,0.334,0.451,0.268,No,
CIN,Cincinnati Reds,NL,2001,162,66,,735,850,0.324,0.419,0.262,No,
CLE,Cleveland Indians,AL,2001,162,91,,897,821,0.35,0.458,0.278,Yes,4.0
COL,Colorado Rockies,NL,2001,162,73,,923,906,0.354,0.483,0.292,No,
DET,Detroit Tigers,AL,2001,162,66,,724,876,0.32,0.409,0.26,No,
FLA,Florida Marlins,NL,2001,162,76,,742,744,0.326,0.423,0.264,No,
HOU,Houston Astros,NL,2001,162,93,,847,769,0.347,0.451,0.271,Yes,4.0
KCR,Kansas City Royals,AL,2001,162,65,,729,858,0.318,0.409,0.266,No,
LAD,Los Angeles Dodgers,NL,2001,162,86,,758,744,0.323,0.425,0.255,No,
MIL,Milwaukee Brewers,NL,2001,162,68,,740,806,0.319,0.426,0.251,No,
MIN,Minnesota Twins,AL,2001,162,85,,771,766,0.337,0.433,0.272,No,
MON,Montreal Expos,NL,2001,162,68,,670,812,0.319,0.396,0.253,No,
NYM,New York Mets,NL,2001,162,82,,642,713,0.323,0.387,0.249,No,
NYY,New York Yankees,AL,2001,161,95,,804,713,0.334,0.435,0.267,Yes,2.0
OAK,Oakland Athletics,AL,2001,162,102,,884,645,0.345,0.439,0.264,Yes,4.0
PHI,Philadelphia Phillies,NL,2001,162,86,,746,719,0.329,0.414,0.26,No,
PIT,Pittsburgh Pirates,NL,2001,162,62,,657,858,0.313,0.393,0.247,No,
SDP,San Diego Padres,NL,2001,162,79,,789,812,0.336,0.399,0.252,No,
SEA,Seattle Mariners,AL,2001,162,116,,927,627,0.36,0.445,0.288,Yes,3.0
SFG,San Francisco Giants,NL,2001,162,90,,799,748,0.342,0.46,0.266,No,
STL,St. Louis Cardinals,NL,2001,162,93,,814,684,0.339,0.441,0.27,Yes,4.0
TBD,Tampa Bay Devil Rays,AL,2001,162,62,,672,887,0.32,0.388,0.258,No,
TEX,Texas Rangers,AL,2001,162,73,,890,968,0.344,0.471,0.275,No,
TOR,Toronto Blue Jays,AL,2001,162,80,,767,753,0.325,0.43,0.263,No,
ANA,Anaheim Angels,AL,2000,162,82,,864,869,0.352,0.472,0.28,No,
ARI,Arizona Diamondbacks,NL,2000,162,85,,792,754,0.333,0.429,0.265,No,
ATL,Atlanta Braves,NL,2000,162,95,,810,714,0.346,0.429,0.271,Yes,4.0
BAL,Baltimore Orioles,AL,2000,162,74,,794,913,0.341,0.435,0.272,No,
BOS,Boston Red Sox,AL,2000,162,85,,792,745,0.341,0.423,0.267,No,
CHC,Chicago Cubs,NL,2000,162,65,,764,904,0.335,0.411,0.256,No,
CHW,Chicago White Sox,AL,2000,162,95,,978,839,0.356,0.47,0.286,Yes,4.0
CIN,Cincinnati Reds,NL,2000,163,85,,825,765,0.343,0.447,0.274,No,
CLE,Cleveland Indians,AL,2000,162,90,,950,816,0.367,0.47,0.288,No,
COL,Colorado Rockies,NL,2000,162,82,,968,897,0.362,0.455,0.294,No,
DET,Detroit Tigers,AL,2000,162,79,,823,827,0.343,0.438,0.275,No,
FLA,Florida Marlins,NL,2000,161,79,,731,797,0.331,0.409,0.262,No,
HOU,Houston Astros,NL,2000,162,72,,938,944,0.361,0.477,0.278,No,
KCR,Kansas City Royals,AL,2000,162,77,,879,930,0.348,0.425,0.288,No,
LAD,Los Angeles Dodgers,NL,2000,162,86,,798,729,0.341,0.431,0.257,No,
MIL,Milwaukee Brewers,NL,2000,163,73,,740,826,0.325,0.403,0.246,No,
MIN,Minnesota Twins,AL,2000,162,69,,748,880,0.337,0.407,0.27,No,
MON,Montreal Expos,NL,2000,162,67,,738,902,0.326,0.432,0.266,No,
NYM,New York Mets,NL,2000,162,94,,807,738,0.346,0.43,0.263,Yes,2.0
NYY,New York Yankees,AL,2000,161,87,,871,814,0.354,0.45,0.277,Yes,1.0
OAK,Oakland Athletics,AL,2000,161,91,,947,813,0.36,0.458,0.27,Yes,4.0
PHI,Philadelphia Phillies,NL,2000,162,65,,708,830,0.329,0.4,0.251,No,
PIT,Pittsburgh Pirates,NL,2000,162,69,,793,888,0.339,0.424,0.267,No,
SDP,San Diego Padres,NL,2000,162,76,,752,815,0.33,0.402,0.254,No,
SEA,Seattle Mariners,AL,2000,162,91,,907,780,0.361,0.442,0.269,Yes,3.0
SFG,San Francisco Giants,NL,2000,162,97,,925,747,0.362,0.472,0.278,Yes,4.0
STL,St. Louis Cardinals,NL,2000,162,95,,887,771,0.356,0.455,0.27,Yes,3.0
TBD,Tampa Bay Devil Rays,AL,2000,161,69,,733,842,0.329,0.399,0.257,No,
TEX,Texas Rangers,AL,2000,162,71,,848,974,0.352,0.446,0.283,No,
TOR,Toronto Blue Jays,AL,2000,162,83,,861,908,0.341,0.469,0.275,No,
ANA,Anaheim Angels,AL,1999,162,70,,711,826,0.322,0.395,0.256,No,
ARI,Arizona Diamondbacks,NL,1999,162,100,,908,676,0.347,0.459,0.277,Yes,4.0
ATL,Atlanta Braves,NL,1999,162,103,,840,661,0.341,0.436,0.266,Yes,2.0
BAL,Baltimore Orioles,AL,1999,162,78,,851,815,0.353,0.447,0.279,No,
BOS,Boston Red Sox,AL,1999,162,94,,836,718,0.35,0.448,0.278,Yes,3.0
CHC,Chicago Cubs,NL,1999,162,67,,747,920,0.329,0.42,0.257,No,
CHW,Chicago White Sox,AL,1999,162,75,,777,870,0.337,0.429,0.277,No,
CIN,Cincinnati Reds,NL,1999,163,96,,865,711,0.341,0.451,0.272,No,
CLE,Cleveland Indians,AL,1999,162,97,,1009,860,0.373,0.467,0.289,Yes,4.0
COL,Colorado Rockies,NL,1999,162,72,,906,1028,0.348,0.472,0.288,No,
DET,Detroit Tigers,AL,1999,161,69,,747,882,0.326,0.443,0.261,No,
FLA,Florida Marlins,NL,1999,162,64,,691,852,0.325,0.395,0.263,No,
HOU,Houston Astros,NL,1999,162,97,,823,675,0.355,0.42,0.267,Yes,4.0
KCR,Kansas City Royals,AL,1999,161,64,,856,921,0.348,0.433,0.282,No,
LAD,Los Angeles Dodgers,NL,1999,162,77,,793,787,0.339,0.42,0.266,No,
MIL,Milwaukee Brewers,NL,1999,161,74,,815,886,0.353,0.426,0.273,No,
MIN,Minnesota Twins,AL,1999,161,63,,686,845,0.328,0.384,0.264,No,
MON,Montreal Expos,NL,1999,162,68,,718,853,0.323,0.427,0.265,No,
NYM,New York Mets,NL,1999,163,97,,853,711,0.363,0.434,0.279,Yes,3.0
NYY,New York Yankees,AL,1999,162,98,,900,731,0.366,0.453,0.282,Yes,1.0
OAK,Oakland Athletics,AL,1999,162,87,,893,846,0.355,0.446,0.259,No,
PHI,Philadelphia Phillies,NL,1999,162,77,,841,846,0.351,0.431,0.275,No,
PIT,Pittsburgh Pirates,NL,1999,161,78,,775,782,0.334,0.419,0.259,No,
SDP,San Diego Padres,NL,1999,162,74,,710,781,0.332,0.393,0.252,No,
SEA,Seattle Mariners,AL,1999,162,79,,859,905,0.343,0.455,0.269,No,
SFG,San Francisco Giants,NL,1999,162,86,,872,831,0.356,0.434,0.271,No,
STL,St. Louis Cardinals,NL,1999,161,75,,809,838,0.338,0.426,0.262,No,
TBD,Tampa Bay Devil Rays,AL,1999,162,69,,772,913,0.343,0.411,0.274,No,
TEX,Texas Rangers,AL,1999,162,95,,945,859,0.361,0.479,0.293,Yes,4.0
TOR,Toronto Blue Jays,AL,1999,162,84,,883,862,0.352,0.457,0.28,No,
ANA,Anaheim Angels,AL,1998,162,85,,787,783,0.335,0.415,0.272,No,
ARI,Arizona Diamondbacks,NL,1998,162,65,,665,812,0.314,0.393,0.246,No,
ATL,Atlanta Braves,NL,1998,162,106,,826,581,0.342,0.453,0.272,Yes,3.0
BAL,Baltimore Orioles,AL,1998,162,79,,817,785,0.347,0.447,0.273,No,
BOS,Boston Red Sox,AL,1998,162,92,,876,729,0.348,0.463,0.28,Yes,4.0
CHC,Chicago Cubs,NL,1998,163,90,,831,792,0.337,0.433,0.264,Yes,4.0
CHW,Chicago White Sox,AL,1998,163,80,,861,931,0.339,0.444,0.271,No,
CIN,Cincinnati Reds,NL,1998,162,77,,750,760,0.337,0.402,0.262,No,
CLE,Cleveland Indians,AL,1998,162,89,,850,779,0.347,0.448,0.272,Yes,3.0
COL,Colorado Rockies,NL,1998,162,77,,826,855,0.347,0.461,0.291,No,
DET,Detroit Tigers,AL,1998,162,65,,722,863,0.323,0.415,0.264,No,
FLA,Florida Marlins,NL,1998,162,54,,667,923,0.317,0.373,0.248,No,
HOU,Houston Astros,NL,1998,162,102,,874,620,0.356,0.436,0.28,Yes,4.0
KCR,Kansas City Royals,AL,1998,161,72,,714,899,0.324,0.399,0.263,No,
LAD,Los Angeles Dodgers,NL,1998,162,83,,669,678,0.31,0.387,0.252,No,
MIL,Milwaukee Brewers,NL,1998,162,74,,707,812,0.33,0.396,0.26,No,
MIN,Minnesota Twins,AL,1998,162,70,,734,818,0.328,0.389,0.266,No,
MON,Montreal Expos,NL,1998,162,65,,644,783,0.31,0.394,0.249,No,
NYM,New York Mets,NL,1998,162,88,,706,645,0.33,0.394,0.259,No,
NYY,New York Yankees,AL,1998,162,114,,965,656,0.364,0.46,0.288,Yes,1.0
OAK,Oakland Athletics,AL,1998,162,74,,804,866,0.338,0.397,0.257,No,
PHI,Philadelphia Phillies,NL,1998,162,75,,713,808,0.326,0.395,0.264,No,
PIT,Pittsburgh Pirates,NL,1998,163,69,,650,718,0.311,0.374,0.254,No,
SDP,San Diego Padres,NL,1998,162,98,,749,635,0.33,0.409,0.253,Yes,2.0
SEA,Seattle Mariners,AL,1998,161,76,,859,855,0.345,0.468,0.276,No,
SFG,San Francisco Giants,NL,1998,163,89,,845,739,0.353,0.421,0.274,No,
STL,St. Louis Cardinals,NL,1998,163,83,,810,782,0.341,0.441,0.258,No,
TBD,Tampa Bay Devil Rays,AL,1998,162,63,,620,751,0.321,0.385,0.261,No,
TEX,Texas Rangers,AL,1998,162,88,,940,871,0.357,0.462,0.289,Yes,4.0
TOR,Toronto Blue Jays,AL,1998,163,88,,816,768,0.34,0.448,0.266,No,
ANA,Anaheim Angels,AL,1997,162,84,,829,794,0.346,0.416,0.272,No,
ATL,Atlanta Braves,NL,1997,162,101,,791,581,0.343,0.426,0.27,Yes,3.0
BAL,Baltimore Orioles,AL,1997,162,98,,812,681,0.341,0.429,0.268,Yes,3.0
BOS,Boston Red Sox,AL,1997,162,78,,851,857,0.352,0.463,0.291,No,
CHC,Chicago Cubs,NL,1997,162,68,,687,759,0.321,0.396,0.263,No,
CHW,Chicago White Sox,AL,1997,161,80,,779,833,0.341,0.417,0.273,No,
CIN,Cincinnati Reds,NL,1997,162,76,,651,764,0.321,0.389,0.253,No,
CLE,Cleveland Indians,AL,1997,161,86,,868,815,0.358,0.467,0.286,Yes,2.0
COL,Colorado Rockies,NL,1997,162,83,,923,908,0.357,0.478,0.288,No,
DET,Detroit Tigers,AL,1997,162,79,,784,790,0.332,0.415,0.258,No,
FLA,Florida Marlins,NL,1997,162,92,,740,669,0.346,0.395,0.259,Yes,1.0
HOU,Houston Astros,NL,1997,162,84,,777,660,0.344,0.403,0.259,Yes,4.0
KCR,Kansas City Royals,AL,1997,161,67,,747,820,0.333,0.407,0.264,No,
LAD,Los Angeles Dodgers,NL,1997,162,88,,742,645,0.33,0.418,0.268,No,
MIL,Milwaukee Brewers,AL,1997,161,78,,681,742,0.325,0.398,0.26,No,
MIN,Minnesota Twins,AL,1997,162,68,,772,861,0.333,0.409,0.27,No,
MON,Montreal Expos,NL,1997,162,78,,691,740,0.316,0.425,0.258,No,
NYM,New York Mets,NL,1997,162,88,,777,709,0.332,0.405,0.262,No,
NYY,New York Yankees,AL,1997,162,96,,891,688,0.362,0.436,0.287,Yes,4.0
OAK,Oakland Athletics,AL,1997,162,65,,764,946,0.339,0.423,0.26,No,
PHI,Philadelphia Phillies,NL,1997,162,68,,668,840,0.322,0.385,0.255,No,
PIT,Pittsburgh Pirates,NL,1997,162,79,,725,760,0.329,0.404,0.262,No,
SDP,San Diego Padres,NL,1997,162,76,,795,891,0.342,0.407,0.271,No,
SEA,Seattle Mariners,AL,1997,162,90,,925,833,0.355,0.485,0.28,Yes,4.0
SFG,San Francisco Giants,NL,1997,162,90,,784,793,0.337,0.414,0.258,Yes,4.0
STL,St. Louis Cardinals,NL,1997,162,73,,689,708,0.324,0.396,0.255,No,
TEX,Texas Rangers,AL,1997,162,77,,807,823,0.334,0.438,0.274,No,
TOR,Toronto Blue Jays,AL,1997,162,76,,654,694,0.31,0.389,0.244,No,
ATL,Atlanta Braves,NL,1996,162,96,,773,648,0.333,0.432,0.27,Yes,2.0
BAL,Baltimore Orioles,AL,1996,163,88,,949,903,0.35,0.472,0.274,Yes,3.0
BOS,Boston Red Sox,AL,1996,162,85,,928,921,0.359,0.457,0.283,No,
CAL,California Angels,AL,1996,161,70,,762,943,0.339,0.431,0.276,No,
CHC,Chicago Cubs,NL,1996,162,76,,772,771,0.32,0.401,0.251,No,
CHW,Chicago White Sox,AL,1996,162,85,,898,794,0.36,0.447,0.281,No,
CIN,Cincinnati Reds,NL,1996,162,81,,778,773,0.331,0.422,0.256,No,
CLE,Cleveland Indians,AL,1996,161,99,,952,769,0.369,0.475,0.293,Yes,4.0
COL,Colorado Rockies,NL,1996,162,83,,961,964,0.355,0.472,0.287,No,
DET,Detroit Tigers,AL,1996,162,53,,783,1103,0.323,0.42,0.256,No,
FLA,Florida Marlins,NL,1996,162,80,,688,703,0.329,0.393,0.257,No,
HOU,Houston Astros,NL,1996,162,82,,753,792,0.336,0.397,0.262,No,
KCR,Kansas City Royals,AL,1996,161,75,,746,786,0.332,0.398,0.267,No,
LAD,Los Angeles Dodgers,NL,1996,162,90,,703,652,0.316,0.384,0.252,Yes,4.0
MIL,Milwaukee Brewers,AL,1996,162,80,,894,899,0.353,0.441,0.279,No,
MIN,Minnesota Twins,AL,1996,162,78,,877,900,0.357,0.425,0.288,No,
MON,Montreal Expos,NL,1996,162,88,,741,668,0.327,0.406,0.262,No,
NYM,New York Mets,NL,1996,162,71,,746,779,0.324,0.412,0.27,No,
NYY,New York Yankees,AL,1996,162,92,,871,787,0.36,0.436,0.288,Yes,1.0
OAK,Oakland Athletics,AL,1996,162,78,,861,900,0.344,0.452,0.265,No,
PHI,Philadelphia Phillies,NL,1996,162,67,,650,790,0.325,0.387,0.256,No,
PIT,Pittsburgh Pirates,NL,1996,162,73,,776,833,0.329,0.407,0.266,No,
SDP,San Diego Padres,NL,1996,162,91,,771,682,0.338,0.402,0.265,Yes,4.0
SEA,Seattle Mariners,AL,1996,161,85,,993,895,0.366,0.484,0.287,No,
SFG,San Francisco Giants,NL,1996,162,68,,752,862,0.331,0.388,0.253,No,
STL,St. Louis Cardinals,NL,1996,162,88,,759,706,0.33,0.407,0.267,Yes,3.0
TEX,Texas Rangers,AL,1996,163,90,,928,799,0.358,0.469,0.284,Yes,4.0
TOR,Toronto Blue Jays,AL,1996,162,74,,766,809,0.331,0.42,0.259,No,
ATL,Atlanta Braves,NL,1993,162,104,,767,559,0.331,0.408,0.262,Yes,3.0
BAL,Baltimore Orioles,AL,1993,162,85,,786,745,0.346,0.413,0.267,No,
BOS,Boston Red Sox,AL,1993,162,80,,686,698,0.33,0.395,0.264,No,
CAL,California Angels,AL,1993,162,71,,684,770,0.331,0.38,0.26,No,
CHC,Chicago Cubs,NL,1993,163,84,,738,739,0.325,0.414,0.27,No,
CHW,Chicago White Sox,AL,1993,162,94,,776,664,0.338,0.411,0.265,Yes,3.0
CIN,Cincinnati Reds,NL,1993,162,73,,722,785,0.324,0.396,0.264,No,
CLE,Cleveland Indians,AL,1993,162,76,,790,813,0.335,0.409,0.275,No,
COL,Colorado Rockies,NL,1993,162,67,,758,967,0.323,0.422,0.273,No,
DET,Detroit Tigers,AL,1993,162,85,,899,837,0.362,0.434,0.275,No,
FLA,Florida Marlins,NL,1993,162,64,,581,724,0.314,0.346,0.248,No,
HOU,Houston Astros,NL,1993,162,85,,716,630,0.33,0.409,0.267,No,
KCR,Kansas City Royals,AL,1993,162,84,,675,694,0.32,0.397,0.263,No,
LAD,Los Angeles Dodgers,NL,1993,162,81,,675,662,0.321,0.383,0.261,No,
MIL,Milwaukee Brewers,AL,1993,162,69,,733,792,0.328,0.378,0.258,No,
MIN,Minnesota Twins,AL,1993,162,71,,693,830,0.327,0.385,0.264,No,
MON,Montreal Expos,NL,1993,163,94,,732,682,0.326,0.386,0.257,No,
NYM,New York Mets,NL,1993,162,59,,672,744,0.305,0.39,0.248,No,
NYY,New York Yankees,AL,1993,162,88,,821,761,0.353,0.435,0.279,No,
OAK,Oakland Athletics,AL,1993,162,68,,715,846,0.33,0.394,0.254,No,
PHI,Philadelphia Phillies,NL,1993,162,97,,877,740,0.351,0.426,0.274,Yes,2.0
PIT,Pittsburgh Pirates,NL,1993,162,75,,707,806,0.335,0.393,0.267,No,
SDP,San Diego Padres,NL,1993,162,61,,679,772,0.312,0.389,0.252,No,
SEA,Seattle Mariners,AL,1993,162,82,,734,731,0.339,0.406,0.26,No,
SFG,San Francisco Giants,NL,1993,162,103,,808,636,0.34,0.427,0.276,No,
STL,St. Louis Cardinals,NL,1993,162,87,,758,744,0.341,0.395,0.272,No,
TEX,Texas Rangers,AL,1993,162,86,,835,751,0.329,0.431,0.267,No,
TOR,Toronto Blue Jays,AL,1993,162,95,,847,742,0.35,0.436,0.279,Yes,1.0
ATL,Atlanta Braves,NL,1992,162,98,,682,569,0.316,0.388,0.254,Yes,2.0
BAL,Baltimore Orioles,AL,1992,162,89,,705,656,0.34,0.398,0.259,No,
BOS,Boston Red Sox,AL,1992,162,73,,599,669,0.321,0.347,0.246,No,
CAL,California Angels,AL,1992,162,72,,579,671,0.301,0.338,0.243,No,
CHC,Chicago Cubs,NL,1992,162,78,,593,624,0.307,0.364,0.254,No,
CHW,Chicago White Sox,AL,1992,162,86,,738,690,0.336,0.383,0.261,No,
CIN,Cincinnati Reds,NL,1992,162,90,,660,609,0.328,0.382,0.26,No,
CLE,Cleveland Indians,AL,1992,162,76,,674,746,0.323,0.383,0.266,No,
DET,Detroit Tigers,AL,1992,162,75,,791,794,0.337,0.407,0.256,No,
HOU,Houston Astros,NL,1992,162,81,,608,668,0.313,0.359,0.246,No,
KCR,Kansas City Royals,AL,1992,162,72,,610,667,0.315,0.364,0.256,No,
LAD,Los Angeles Dodgers,NL,1992,162,63,,548,636,0.313,0.339,0.248,No,
MIL,Milwaukee Brewers,AL,1992,162,92,,740,604,0.33,0.375,0.268,No,
MIN,Minnesota Twins,AL,1992,162,90,,747,653,0.341,0.391,0.277,No,
MON,Montreal Expos,NL,1992,162,87,,648,581,0.313,0.37,0.252,No,
NYM,New York Mets,NL,1992,162,72,,599,653,0.31,0.342,0.235,No,
NYY,New York Yankees,AL,1992,162,76,,733,746,0.328,0.406,0.261,No,
OAK,Oakland Athletics,AL,1992,162,96,,745,672,0.346,0.386,0.258,Yes,3.0
PHI,Philadelphia Phillies,NL,1992,162,70,,686,717,0.32,0.377,0.253,No,
PIT,Pittsburgh Pirates,NL,1992,162,96,,693,595,0.324,0.381,0.255,Yes,3.0
SDP,San Diego Padres,NL,1992,162,82,,617,636,0.313,0.386,0.255,No,
SEA,Seattle Mariners,AL,1992,162,64,,679,799,0.323,0.402,0.263,No,
SFG,San Francisco Giants,NL,1992,162,72,,574,647,0.302,0.355,0.244,No,
STL,St. Louis Cardinals,NL,1992,162,83,,631,604,0.323,0.375,0.262,No,
TEX,Texas Rangers,AL,1992,162,77,,682,753,0.321,0.393,0.25,No,
TOR,Toronto Blue Jays,AL,1992,162,96,,780,682,0.333,0.414,0.263,Yes,1.0
ATL,Atlanta Braves,NL,1991,162,94,,749,644,0.328,0.393,0.258,Yes,2.0
BAL,Baltimore Orioles,AL,1991,162,67,,686,796,0.319,0.401,0.254,No,
BOS,Boston Red Sox,AL,1991,162,84,,731,712,0.34,0.401,0.269,No,
CAL,California Angels,AL,1991,162,81,,653,649,0.314,0.374,0.255,No,
CHC,Chicago Cubs,NL,1991,160,77,,695,734,0.309,0.39,0.253,No,
CHW,Chicago White Sox,AL,1991,162,87,,758,681,0.336,0.391,0.262,No,
CIN,Cincinnati Reds,NL,1991,162,74,,689,691,0.32,0.403,0.258,No,
CLE,Cleveland Indians,AL,1991,162,57,,576,759,0.313,0.35,0.254,No,
DET,Detroit Tigers,AL,1991,162,84,,817,794,0.333,0.416,0.247,No,
HOU,Houston Astros,NL,1991,162,65,,605,717,0.309,0.347,0.244,No,
KCR,Kansas City Royals,AL,1991,162,82,,727,722,0.328,0.394,0.264,No,
LAD,Los Angeles Dodgers,NL,1991,162,93,,665,565,0.326,0.359,0.253,No,
MIL,Milwaukee Brewers,AL,1991,162,83,,799,744,0.336,0.396,0.271,No,
MIN,Minnesota Twins,AL,1991,162,95,,776,652,0.344,0.42,0.28,Yes,1.0
MON,Montreal Expos,NL,1991,161,71,,579,655,0.308,0.357,0.246,No,
NYM,New York Mets,NL,1991,161,77,,640,646,0.317,0.365,0.244,No,
NYY,New York Yankees,AL,1991,162,71,,674,777,0.316,0.387,0.256,No,
OAK,Oakland Athletics,AL,1991,162,84,,760,776,0.331,0.389,0.248,No,
PHI,Philadelphia Phillies,NL,1991,162,78,,629,680,0.303,0.358,0.241,No,
PIT,Pittsburgh Pirates,NL,1991,162,98,,768,632,0.338,0.398,0.263,Yes,3.0
SDP,San Diego Padres,NL,1991,162,84,,636,646,0.31,0.362,0.244,No,
SEA,Seattle Mariners,AL,1991,162,83,,702,674,0.328,0.383,0.255,No,
SFG,San Francisco Giants,NL,1991,162,75,,649,697,0.309,0.381,0.246,No,
STL,St. Louis Cardinals,NL,1991,162,84,,651,648,0.322,0.357,0.255,No,
TEX,Texas Rangers,AL,1991,162,85,,829,814,0.341,0.424,0.27,No,
TOR,Toronto Blue Jays,AL,1991,162,91,,684,622,0.322,0.4,0.257,Yes,3.0
ATL,Atlanta Braves,NL,1990,162,65,,682,821,0.311,0.396,0.25,No,
BAL,Baltimore Orioles,AL,1990,161,76,,669,698,0.33,0.37,0.245,No,
BOS,Boston Red Sox,AL,1990,162,88,,699,664,0.344,0.395,0.272,Yes,3.0
CAL,California Angels,AL,1990,162,80,,690,706,0.329,0.391,0.26,No,
CHC,Chicago Cubs,NL,1990,162,77,,690,774,0.314,0.392,0.263,No,
CHW,Chicago White Sox,AL,1990,162,94,,682,633,0.32,0.379,0.258,No,
CIN,Cincinnati Reds,NL,1990,162,91,,693,597,0.325,0.399,0.265,Yes,1.0
CLE,Cleveland Indians,AL,1990,162,77,,732,737,0.324,0.391,0.267,No,
DET,Detroit Tigers,AL,1990,162,79,,750,754,0.337,0.409,0.259,No,
HOU,Houston Astros,NL,1990,162,75,,573,656,0.313,0.345,0.242,No,
KCR,Kansas City Royals,AL,1990,161,75,,707,709,0.328,0.395,0.267,No,
LAD,Los Angeles Dodgers,NL,1990,162,86,,728,685,0.328,0.382,0.262,No,
MIL,Milwaukee Brewers,AL,1990,162,74,,732,760,0.32,0.384,0.256,No,
MIN,Minnesota Twins,AL,1990,162,74,,666,729,0.324,0.385,0.265,No,
MON,Montreal Expos,NL,1990,162,85,,662,598,0.322,0.37,0.25,No,
NYM,New York Mets,NL,1990,162,91,,775,613,0.323,0.408,0.256,No,
NYY,New York Yankees,AL,1990,162,67,,603,749,0.3,0.366,0.241,No,
OAK,Oakland Athletics,AL,1990,162,103,,733,570,0.336,0.391,0.254,Yes,2.0
PHI,Philadelphia Phillies,NL,1990,162,77,,646,729,0.327,0.363,0.255,No,
PIT,Pittsburgh Pirates,NL,1990,162,95,,733,619,0.33,0.405,0.259,Yes,3.0
SDP,San Diego Padres,NL,1990,162,75,,673,673,0.32,0.38,0.257,No,
SEA,Seattle Mariners,AL,1990,162,77,,640,680,0.333,0.373,0.259,No,
SFG,San Francisco Giants,NL,1990,162,85,,719,710,0.323,0.396,0.262,No,
STL,St. Louis Cardinals,NL,1990,162,70,,599,698,0.32,0.358,0.256,No,
TEX,Texas Rangers,AL,1990,162,83,,676,696,0.331,0.376,0.259,No,
TOR,Toronto Blue Jays,AL,1990,162,86,,767,661,0.328,0.419,0.265,No,
ATL,Atlanta Braves,NL,1989,161,63,,584,680,0.298,0.35,0.234,No,
BAL,Baltimore Orioles,AL,1989,162,87,,708,686,0.326,0.379,0.252,No,
BOS,Boston Red Sox,AL,1989,162,83,,774,735,0.351,0.403,0.277,No,
CAL,California Angels,AL,1989,162,91,,669,578,0.311,0.386,0.256,No,
CHC,Chicago Cubs,NL,1989,162,93,,702,623,0.319,0.387,0.261,Yes,3.0
CHW,Chicago White Sox,AL,1989,161,69,,693,750,0.328,0.383,0.271,No,
CIN,Cincinnati Reds,NL,1989,162,75,,632,691,0.309,0.37,0.247,No,
CLE,Cleveland Indians,AL,1989,162,73,,604,654,0.31,0.365,0.245,No,
DET,Detroit Tigers,AL,1989,162,59,,617,816,0.318,0.351,0.242,No,
HOU,Houston Astros,NL,1989,162,86,,647,669,0.306,0.345,0.239,No,
KCR,Kansas City Royals,AL,1989,162,92,,690,635,0.329,0.373,0.261,No,
LAD,Los Angeles Dodgers,NL,1989,160,77,,554,536,0.306,0.339,0.24,No,
MIL,Milwaukee Brewers,AL,1989,162,81,,707,679,0.318,0.382,0.259,No,
MIN,Minnesota Twins,AL,1989,162,80,,740,738,0.334,0.402,0.276,No,
MON,Montreal Expos,NL,1989,162,81,,632,630,0.319,0.361,0.247,No,
NYM,New York Mets,NL,1989,162,87,,683,595,0.311,0.385,0.246,No,
NYY,New York Yankees,AL,1989,161,74,,698,792,0.331,0.391,0.269,No,
OAK,Oakland Athletics,AL,1989,162,99,,712,576,0.331,0.381,0.261,Yes,1.0
PHI,Philadelphia Phillies,NL,1989,163,67,,629,735,0.314,0.364,0.243,No,
PIT,Pittsburgh Pirates,NL,1989,164,74,,637,680,0.311,0.359,0.241,No,
SDP,San Diego Padres,NL,1989,162,89,,642,626,0.319,0.369,0.251,No,
SEA,Seattle Mariners,AL,1989,162,73,,694,728,0.32,0.384,0.257,No,
SFG,San Francisco Giants,NL,1989,162,92,,699,600,0.316,0.39,0.25,Yes,2.0
STL,St. Louis Cardinals,NL,1989,164,86,,632,608,0.321,0.363,0.258,No,
TEX,Texas Rangers,AL,1989,162,83,,695,714,0.326,0.394,0.263,No,
TOR,Toronto Blue Jays,AL,1989,162,89,,731,651,0.323,0.398,0.26,Yes,3.0
ATL,Atlanta Braves,NL,1988,160,54,,555,741,0.298,0.348,0.242,No,
BAL,Baltimore Orioles,AL,1988,161,54,,550,789,0.305,0.359,0.238,No,
BOS,Boston Red Sox,AL,1988,162,89,,813,689,0.357,0.42,0.283,Yes,3.0
CAL,California Angels,AL,1988,162,75,,714,771,0.321,0.385,0.261,No,
CHC,Chicago Cubs,NL,1988,163,77,,660,694,0.31,0.383,0.261,No,
CHW,Chicago White Sox,AL,1988,161,71,,631,757,0.303,0.37,0.244,No,
CIN,Cincinnati Reds,NL,1988,161,87,,641,596,0.309,0.368,0.246,No,
CLE,Cleveland Indians,AL,1988,162,78,,666,731,0.314,0.387,0.261,No,
DET,Detroit Tigers,AL,1988,162,88,,703,658,0.324,0.378,0.25,No,
HOU,Houston Astros,NL,1988,162,82,,617,631,0.306,0.351,0.244,No,
KCR,Kansas City Royals,AL,1988,161,84,,704,648,0.321,0.391,0.259,No,
LAD,Los Angeles Dodgers,NL,1988,162,94,,628,544,0.305,0.352,0.248,Yes,1.0
MIL,Milwaukee Brewers,AL,1988,162,87,,682,616,0.314,0.375,0.257,No,
MIN,Minnesota Twins,AL,1988,162,91,,759,672,0.34,0.421,0.274,No,
MON,Montreal Expos,NL,1988,163,81,,628,592,0.309,0.373,0.251,No,
NYM,New York Mets,NL,1988,160,100,,703,532,0.325,0.396,0.256,Yes,3.0
NYY,New York Yankees,AL,1988,161,85,,772,748,0.333,0.395,0.263,No,
OAK,Oakland Athletics,AL,1988,162,104,,800,620,0.336,0.399,0.263,Yes,2.0
PHI,Philadelphia Phillies,NL,1988,162,65,,597,734,0.306,0.355,0.239,No,
PIT,Pittsburgh Pirates,NL,1988,160,85,,651,616,0.317,0.369,0.247,No,
SDP,San Diego Padres,NL,1988,161,83,,594,583,0.31,0.351,0.247,No,
SEA,Seattle Mariners,AL,1988,161,68,,664,744,0.317,0.398,0.257,No,
SFG,San Francisco Giants,NL,1988,162,83,,670,626,0.318,0.368,0.248,No,
STL,St. Louis Cardinals,NL,1988,162,76,,578,633,0.309,0.337,0.249,No,
TEX,Texas Rangers,AL,1988,161,70,,637,735,0.32,0.368,0.252,No,
TOR,Toronto Blue Jays,AL,1988,162,87,,763,680,0.332,0.419,0.268,No,
ATL,Atlanta Braves,NL,1987,161,69,,747,829,0.339,0.403,0.258,No,
BAL,Baltimore Orioles,AL,1987,162,67,,729,880,0.322,0.418,0.258,No,
BOS,Boston Red Sox,AL,1987,162,78,,842,825,0.352,0.43,0.278,No,
CAL,California Angels,AL,1987,162,75,,770,803,0.326,0.401,0.252,No,
CHC,Chicago Cubs,NL,1987,161,76,,720,801,0.326,0.432,0.264,No,
CHW,Chicago White Sox,AL,1987,162,77,,748,746,0.319,0.415,0.258,No,
CIN,Cincinnati Reds,NL,1987,162,84,,783,752,0.33,0.427,0.266,No,
CLE,Cleveland Indians,AL,1987,162,61,,742,957,0.324,0.422,0.263,No,
DET,Detroit Tigers,AL,1987,162,98,,896,735,0.349,0.451,0.272,Yes,3.0
HOU,Houston Astros,NL,1987,162,76,,648,678,0.318,0.373,0.253,No,
KCR,Kansas City Royals,AL,1987,162,83,,715,691,0.328,0.412,0.262,No,
LAD,Los Angeles Dodgers,NL,1987,162,73,,635,675,0.309,0.371,0.252,No,
MIL,Milwaukee Brewers,AL,1987,162,91,,862,817,0.346,0.428,0.276,No,
MIN,Minnesota Twins,AL,1987,162,85,,786,806,0.328,0.43,0.261,Yes,1.0
MON,Montreal Expos,NL,1987,162,91,,741,720,0.328,0.401,0.265,No,
NYM,New York Mets,NL,1987,162,92,,823,698,0.339,0.434,0.268,No,
NYY,New York Yankees,AL,1987,162,89,,788,758,0.336,0.418,0.262,No,
OAK,Oakland Athletics,AL,1987,162,81,,806,789,0.333,0.428,0.26,No,
PHI,Philadelphia Phillies,NL,1987,162,80,,702,749,0.327,0.41,0.254,No,
PIT,Pittsburgh Pirates,NL,1987,162,80,,723,744,0.33,0.403,0.264,No,
SDP,San Diego Padres,NL,1987,162,65,,668,763,0.332,0.378,0.26,No,
SEA,Seattle Mariners,AL,1987,162,78,,760,801,0.335,0.428,0.272,No,
SFG,San Francisco Giants,NL,1987,162,90,,783,669,0.324,0.43,0.26,Yes,3.0
STL,St. Louis Cardinals,NL,1987,162,95,,798,693,0.34,0.378,0.263,Yes,2.0
TEX,Texas Rangers,AL,1987,162,75,,823,849,0.333,0.43,0.266,No,
TOR,Toronto Blue Jays,AL,1987,162,96,,845,655,0.336,0.446,0.269,No,
ATL,Atlanta Braves,NL,1986,161,72,,615,719,0.319,0.381,0.25,No,
BAL,Baltimore Orioles,AL,1986,162,73,,708,760,0.327,0.395,0.258,No,
BOS,Boston Red Sox,AL,1986,161,95,,794,696,0.346,0.415,0.271,Yes,2.0
CAL,California Angels,AL,1986,162,92,,786,684,0.338,0.404,0.255,Yes,3.0
CHC,Chicago Cubs,NL,1986,160,70,,680,781,0.318,0.398,0.256,No,
CHW,Chicago White Sox,AL,1986,162,72,,644,699,0.31,0.363,0.247,No,
CIN,Cincinnati Reds,NL,1986,162,86,,732,717,0.325,0.387,0.254,No,
CLE,Cleveland Indians,AL,1986,163,84,,831,841,0.337,0.43,0.284,No,
DET,Detroit Tigers,AL,1986,162,87,,798,714,0.338,0.424,0.263,No,
HOU,Houston Astros,NL,1986,162,96,,654,569,0.322,0.381,0.255,Yes,3.0
KCR,Kansas City Royals,AL,1986,162,76,,654,673,0.313,0.39,0.252,No,
LAD,Los Angeles Dodgers,NL,1986,162,73,,638,679,0.313,0.37,0.251,No,
MIL,Milwaukee Brewers,AL,1986,161,77,,667,734,0.321,0.385,0.255,No,
MIN,Minnesota Twins,AL,1986,162,71,,741,839,0.325,0.428,0.261,No,
MON,Montreal Expos,NL,1986,161,78,,637,688,0.322,0.379,0.254,No,
NYM,New York Mets,NL,1986,162,108,,783,578,0.339,0.401,0.263,Yes,1.0
NYY,New York Yankees,AL,1986,162,90,,797,738,0.347,0.43,0.271,No,
OAK,Oakland Athletics,AL,1986,162,76,,731,760,0.322,0.39,0.252,No,
PHI,Philadelphia Phillies,NL,1986,161,86,,739,713,0.327,0.4,0.253,No,
PIT,Pittsburgh Pirates,NL,1986,162,64,,663,700,0.321,0.374,0.25,No,
SDP,San Diego Padres,NL,1986,162,74,,656,723,0.321,0.388,0.261,No,
SEA,Seattle Mariners,AL,1986,162,67,,718,835,0.326,0.399,0.253,No,
SFG,San Francisco Giants,NL,1986,162,83,,698,618,0.322,0.375,0.253,No,
STL,St. Louis Cardinals,NL,1986,161,79,,601,611,0.309,0.327,0.236,No,
TEX,Texas Rangers,AL,1986,162,87,,771,743,0.331,0.428,0.267,No,
TOR,Toronto Blue Jays,AL,1986,163,86,,809,733,0.329,0.427,0.269,No,
ATL,Atlanta Braves,NL,1985,162,66,,632,781,0.315,0.363,0.246,No,
BAL,Baltimore Orioles,AL,1985,161,83,,818,764,0.336,0.43,0.263,No,
BOS,Boston Red Sox,AL,1985,163,81,,800,720,0.347,0.429,0.282,No,
CAL,California Angels,AL,1985,162,90,,732,703,0.333,0.386,0.251,No,
CHC,Chicago Cubs,NL,1985,162,77,,686,729,0.324,0.39,0.254,No,
CHW,Chicago White Sox,AL,1985,163,85,,736,720,0.315,0.392,0.253,No,
CIN,Cincinnati Reds,NL,1985,162,89,,677,666,0.327,0.376,0.255,No,
CLE,Cleveland Indians,AL,1985,162,60,,729,861,0.324,0.385,0.265,No,
DET,Detroit Tigers,AL,1985,161,84,,729,688,0.318,0.424,0.253,No,
HOU,Houston Astros,NL,1985,162,83,,706,691,0.319,0.388,0.261,No,
KCR,Kansas City Royals,AL,1985,162,91,,687,639,0.313,0.401,0.252,Yes,1.0
LAD,Los Angeles Dodgers,NL,1985,162,95,,682,579,0.328,0.382,0.261,Yes,3.0
MIL,Milwaukee Brewers,AL,1985,161,71,,690,802,0.319,0.379,0.263,No,
MIN,Minnesota Twins,AL,1985,162,77,,705,782,0.326,0.407,0.264,No,
MON,Montreal Expos,NL,1985,161,84,,633,636,0.31,0.375,0.247,No,
NYM,New York Mets,NL,1985,162,98,,695,568,0.323,0.385,0.257,No,
NYY,New York Yankees,AL,1985,161,97,,839,660,0.344,0.425,0.267,No,
OAK,Oakland Athletics,AL,1985,162,77,,757,787,0.325,0.401,0.264,No,
PHI,Philadelphia Phillies,NL,1985,162,75,,667,673,0.312,0.383,0.245,No,
PIT,Pittsburgh Pirates,NL,1985,161,57,,568,708,0.311,0.347,0.247,No,
SDP,San Diego Padres,NL,1985,162,83,,650,622,0.32,0.368,0.255,No,
SEA,Seattle Mariners,AL,1985,162,74,,719,818,0.326,0.412,0.255,No,
SFG,San Francisco Giants,NL,1985,162,62,,556,674,0.299,0.348,0.233,No,
STL,St. Louis Cardinals,NL,1985,162,101,,747,572,0.335,0.379,0.264,Yes,2.0
TEX,Texas Rangers,AL,1985,161,62,,617,785,0.322,0.381,0.253,No,
TOR,Toronto Blue Jays,AL,1985,161,99,,759,588,0.331,0.425,0.269,Yes,3.0
ATL,Atlanta Braves,NL,1984,162,80,,632,655,0.317,0.361,0.247,No,
BAL,Baltimore Orioles,AL,1984,162,85,,681,667,0.328,0.391,0.252,No,
BOS,Boston Red Sox,AL,1984,162,86,,810,764,0.341,0.441,0.283,No,
CAL,California Angels,AL,1984,162,81,,696,697,0.319,0.381,0.249,No,
CHC,Chicago Cubs,NL,1984,161,96,,762,658,0.331,0.397,0.26,Yes,3.0
CHW,Chicago White Sox,AL,1984,162,74,,679,736,0.314,0.395,0.247,No,
CIN,Cincinnati Reds,NL,1984,162,70,,627,747,0.313,0.356,0.244,No,
CLE,Cleveland Indians,AL,1984,163,75,,761,766,0.335,0.384,0.265,No,
DET,Detroit Tigers,AL,1984,162,104,,829,643,0.342,0.432,0.271,Yes,1.0
HOU,Houston Astros,NL,1984,162,80,,693,630,0.323,0.371,0.264,No,
KCR,Kansas City Royals,AL,1984,162,84,,673,686,0.317,0.399,0.268,Yes,3.0
LAD,Los Angeles Dodgers,NL,1984,162,79,,580,600,0.306,0.348,0.244,No,
MIL,Milwaukee Brewers,AL,1984,161,67,,641,734,0.317,0.37,0.262,No,
MIN,Minnesota Twins,AL,1984,162,81,,673,675,0.318,0.385,0.265,No,
MON,Montreal Expos,NL,1984,161,78,,593,585,0.312,0.362,0.251,No,
NYM,New York Mets,NL,1984,162,90,,652,676,0.32,0.369,0.257,No,
NYY,New York Yankees,AL,1984,162,87,,758,679,0.339,0.404,0.276,No,
OAK,Oakland Athletics,AL,1984,162,77,,738,796,0.327,0.404,0.259,No,
PHI,Philadelphia Phillies,NL,1984,162,81,,720,690,0.333,0.407,0.266,No,
PIT,Pittsburgh Pirates,NL,1984,162,75,,615,567,0.31,0.363,0.255,No,
SDP,San Diego Padres,NL,1984,162,92,,686,634,0.317,0.371,0.259,Yes,2.0
SEA,Seattle Mariners,AL,1984,162,74,,682,774,0.324,0.384,0.258,No,
SFG,San Francisco Giants,NL,1984,162,66,,682,807,0.328,0.375,0.265,No,
STL,St. Louis Cardinals,NL,1984,162,84,,652,645,0.317,0.351,0.252,No,
TEX,Texas Rangers,AL,1984,161,69,,656,714,0.313,0.377,0.261,No,
TOR,Toronto Blue Jays,AL,1984,163,89,,750,696,0.331,0.421,0.273,No,
ATL,Atlanta Braves,NL,1983,162,88,,746,640,0.341,0.4,0.272,No,
BAL,Baltimore Orioles,AL,1983,162,98,,799,652,0.34,0.421,0.269,Yes,1.0
BOS,Boston Red Sox,AL,1983,162,78,,724,775,0.335,0.409,0.27,No,
CAL,California Angels,AL,1983,162,70,,722,779,0.322,0.393,0.26,No,
CHC,Chicago Cubs,NL,1983,162,71,,701,719,0.319,0.401,0.261,No,
CHW,Chicago White Sox,AL,1983,162,99,,800,650,0.329,0.413,0.262,Yes,3.0
CIN,Cincinnati Reds,NL,1983,162,74,,623,710,0.314,0.356,0.239,No,
CLE,Cleveland Indians,AL,1983,162,70,,704,785,0.338,0.369,0.265,No,
DET,Detroit Tigers,AL,1983,162,92,,789,679,0.335,0.427,0.274,No,
HOU,Houston Astros,NL,1983,162,85,,643,646,0.32,0.375,0.257,No,
KCR,Kansas City Royals,AL,1983,163,79,,696,767,0.32,0.397,0.271,No,
LAD,Los Angeles Dodgers,NL,1983,163,91,,654,609,0.318,0.379,0.25,Yes,3.0
MIL,Milwaukee Brewers,AL,1983,162,87,,764,708,0.333,0.418,0.277,No,
MIN,Minnesota Twins,AL,1983,162,70,,709,822,0.319,0.401,0.261,No,
MON,Montreal Expos,NL,1983,163,82,,677,646,0.326,0.386,0.264,No,
NYM,New York Mets,NL,1983,162,68,,575,680,0.3,0.344,0.241,No,
NYY,New York Yankees,AL,1983,162,91,,770,703,0.337,0.416,0.273,No,
OAK,Oakland Athletics,AL,1983,162,74,,708,782,0.326,0.381,0.262,No,
PHI,Philadelphia Phillies,NL,1983,163,90,,696,635,0.329,0.373,0.249,Yes,2.0
PIT,Pittsburgh Pirates,NL,1983,162,84,,659,648,0.325,0.383,0.264,No,
SDP,San Diego Padres,NL,1983,163,81,,653,653,0.311,0.351,0.25,No,
SEA,Seattle Mariners,AL,1983,162,60,,558,740,0.301,0.36,0.24,No,
SFG,San Francisco Giants,NL,1983,162,79,,687,697,0.325,0.375,0.247,No,
STL,St. Louis Cardinals,NL,1983,162,79,,679,710,0.335,0.384,0.27,No,
TEX,Texas Rangers,AL,1983,163,77,,639,609,0.31,0.366,0.255,No,
TOR,Toronto Blue Jays,AL,1983,162,89,,795,726,0.338,0.436,0.277,No,
ATL,Atlanta Braves,NL,1982,162,89,,739,702,0.325,0.383,0.256,Yes,3.0
BAL,Baltimore Orioles,AL,1982,163,94,,774,687,0.341,0.419,0.266,No,
BOS,Boston Red Sox,AL,1982,162,89,,753,713,0.34,0.407,0.274,No,
CAL,California Angels,AL,1982,162,93,,814,670,0.347,0.433,0.274,Yes,3.0
CHC,Chicago Cubs,NL,1982,162,73,,676,709,0.317,0.375,0.26,No,
CHW,Chicago White Sox,AL,1982,162,87,,786,710,0.337,0.413,0.273,No,
CIN,Cincinnati Reds,NL,1982,162,61,,545,661,0.31,0.35,0.251,No,
CLE,Cleveland Indians,AL,1982,162,78,,683,748,0.341,0.373,0.262,No,
DET,Detroit Tigers,AL,1982,162,83,,729,685,0.324,0.418,0.266,No,
HOU,Houston Astros,NL,1982,162,77,,569,620,0.302,0.349,0.247,No,
KCR,Kansas City Royals,AL,1982,162,90,,784,717,0.337,0.428,0.285,No,
LAD,Los Angeles Dodgers,NL,1982,162,88,,691,612,0.327,0.388,0.264,No,
MIL,Milwaukee Brewers,AL,1982,163,95,,891,717,0.335,0.455,0.279,Yes,2.0
MIN,Minnesota Twins,AL,1982,162,60,,657,819,0.316,0.396,0.257,No,
MON,Montreal Expos,NL,1982,162,86,,697,616,0.325,0.396,0.262,No,
NYM,New York Mets,NL,1982,162,65,,609,723,0.305,0.35,0.247,No,
NYY,New York Yankees,AL,1982,162,79,,709,716,0.328,0.398,0.256,No,
OAK,Oakland Athletics,AL,1982,162,68,,691,819,0.309,0.367,0.236,No,
PHI,Philadelphia Phillies,NL,1982,162,89,,664,654,0.323,0.376,0.26,No,
PIT,Pittsburgh Pirates,NL,1982,162,84,,724,696,0.327,0.408,0.273,No,
SDP,San Diego Padres,NL,1982,162,81,,675,658,0.311,0.359,0.257,No,
SEA,Seattle Mariners,AL,1982,162,76,,651,712,0.311,0.381,0.254,No,
SFG,San Francisco Giants,NL,1982,162,87,,673,687,0.327,0.376,0.253,No,
STL,St. Louis Cardinals,NL,1982,162,92,,685,609,0.334,0.364,0.264,Yes,1.0
TEX,Texas Rangers,AL,1982,162,64,,590,749,0.308,0.359,0.249,No,
TOR,Toronto Blue Jays,AL,1982,162,78,,651,701,0.314,0.383,0.262,No,
ATL,Atlanta Braves,NL,1980,161,81,,630,660,0.307,0.38,0.25,No,
BAL,Baltimore Orioles,AL,1980,162,100,,805,640,0.342,0.413,0.273,No,
BOS,Boston Red Sox,AL,1980,160,83,,757,767,0.34,0.436,0.283,No,
CAL,California Angels,AL,1980,160,65,,698,797,0.332,0.378,0.265,No,
CHC,Chicago Cubs,NL,1980,162,64,,614,728,0.309,0.365,0.251,No,
CHW,Chicago White Sox,AL,1980,162,70,,587,722,0.311,0.37,0.259,No,
CIN,Cincinnati Reds,NL,1980,163,89,,707,670,0.327,0.386,0.262,No,
CLE,Cleveland Indians,AL,1980,160,79,,738,807,0.35,0.381,0.277,No,
DET,Detroit Tigers,AL,1980,163,84,,830,757,0.348,0.409,0.273,No,
HOU,Houston Astros,NL,1980,163,93,,637,589,0.326,0.367,0.261,Yes,3.0
KCR,Kansas City Royals,AL,1980,162,97,,809,694,0.345,0.413,0.286,Yes,2.0
LAD,Los Angeles Dodgers,NL,1980,163,92,,663,591,0.323,0.388,0.263,No,
MIL,Milwaukee Brewers,AL,1980,162,86,,811,682,0.329,0.448,0.275,No,
MIN,Minnesota Twins,AL,1980,161,77,,670,724,0.319,0.381,0.265,No,
MON,Montreal Expos,NL,1980,162,90,,694,629,0.324,0.388,0.257,No,
NYM,New York Mets,NL,1980,162,67,,611,702,0.319,0.345,0.257,No,
NYY,New York Yankees,AL,1980,162,103,,820,662,0.343,0.425,0.267,Yes,3.0
OAK,Oakland Athletics,AL,1980,162,83,,686,642,0.322,0.385,0.259,No,
PHI,Philadelphia Phillies,NL,1980,162,91,,728,639,0.327,0.4,0.27,Yes,1.0
PIT,Pittsburgh Pirates,NL,1980,162,83,,666,646,0.322,0.388,0.266,No,
SDP,San Diego Padres,NL,1980,163,73,,591,654,0.324,0.342,0.255,No,
SEA,Seattle Mariners,AL,1980,163,59,,610,793,0.308,0.356,0.248,No,
SFG,San Francisco Giants,NL,1980,161,75,,573,634,0.308,0.342,0.244,No,
STL,St. Louis Cardinals,NL,1980,162,74,,738,710,0.328,0.4,0.275,No,
TEX,Texas Rangers,AL,1980,163,76,,756,752,0.339,0.405,0.284,No,
TOR,Toronto Blue Jays,AL,1980,162,67,,624,762,0.309,0.383,0.251,No,
ATL,Atlanta Braves,NL,1979,160,66,,669,763,0.318,0.377,0.256,No,
BAL,Baltimore Orioles,AL,1979,159,102,,757,582,0.336,0.419,0.261,Yes,2.0
BOS,Boston Red Sox,AL,1979,160,91,,841,711,0.344,0.456,0.283,No,
CAL,California Angels,AL,1979,162,88,,866,768,0.351,0.429,0.282,Yes,3.0
CHC,Chicago Cubs,NL,1979,162,80,,706,707,0.329,0.403,0.269,No,
CHW,Chicago White Sox,AL,1979,160,73,,730,748,0.333,0.41,0.275,No,
CIN,Cincinnati Reds,NL,1979,161,90,,731,644,0.338,0.396,0.264,Yes,3.0
CLE,Cleveland Indians,AL,1979,161,81,,760,805,0.34,0.384,0.258,No,
DET,Detroit Tigers,AL,1979,161,84,,770,738,0.339,0.415,0.269,No,
HOU,Houston Astros,NL,1979,162,89,,583,582,0.315,0.344,0.256,No,
KCR,Kansas City Royals,AL,1979,162,85,,851,816,0.343,0.422,0.282,No,
LAD,Los Angeles Dodgers,NL,1979,162,79,,739,717,0.331,0.412,0.263,No,
MIL,Milwaukee Brewers,AL,1979,161,95,,807,722,0.345,0.448,0.28,No,
MIN,Minnesota Twins,AL,1979,162,82,,764,725,0.341,0.402,0.278,No,
MON,Montreal Expos,NL,1979,160,95,,701,581,0.319,0.408,0.264,No,
NYM,New York Mets,NL,1979,163,63,,593,706,0.313,0.35,0.25,No,
NYY,New York Yankees,AL,1979,160,89,,734,672,0.328,0.406,0.266,No,
OAK,Oakland Athletics,AL,1979,162,54,,573,860,0.302,0.346,0.239,No,
PHI,Philadelphia Phillies,NL,1979,163,84,,683,718,0.34,0.396,0.266,No,
PIT,Pittsburgh Pirates,NL,1979,163,98,,775,643,0.33,0.416,0.272,Yes,1.0
SDP,San Diego Padres,NL,1979,161,68,,603,681,0.311,0.348,0.242,No,
SEA,Seattle Mariners,AL,1979,162,67,,711,820,0.331,0.404,0.269,No,
SFG,San Francisco Giants,NL,1979,162,71,,672,751,0.319,0.365,0.246,No,
STL,St. Louis Cardinals,NL,1979,163,86,,731,693,0.331,0.401,0.278,No,
TEX,Texas Rangers,AL,1979,162,83,,750,698,0.334,0.409,0.278,No,
TOR,Toronto Blue Jays,AL,1979,162,53,,613,862,0.311,0.363,0.251,No,
ATL,Atlanta Braves,NL,1978,162,69,,600,750,0.315,0.363,0.244,No,
BAL,Baltimore Orioles,AL,1978,161,90,,659,633,0.326,0.396,0.258,No,
BOS,Boston Red Sox,AL,1978,163,99,,796,657,0.336,0.424,0.267,No,
CAL,California Angels,AL,1978,162,87,,691,666,0.33,0.37,0.259,No,
CHC,Chicago Cubs,NL,1978,162,79,,664,724,0.331,0.361,0.264,No,
CHW,Chicago White Sox,AL,1978,161,71,,634,731,0.317,0.379,0.264,No,
CIN,Cincinnati Reds,NL,1978,161,92,,710,688,0.334,0.393,0.256,No,
CLE,Cleveland Indians,AL,1978,159,69,,639,694,0.323,0.379,0.261,No,
DET,Detroit Tigers,AL,1978,162,86,,714,653,0.339,0.392,0.271,No,
HOU,Houston Astros,NL,1978,162,74,,605,634,0.313,0.355,0.258,No,
KCR,Kansas City Royals,AL,1978,162,92,,743,634,0.329,0.399,0.268,Yes,3.0
LAD,Los Angeles Dodgers,NL,1978,162,95,,727,573,0.338,0.402,0.264,Yes,2.0
MIL,Milwaukee Brewers,AL,1978,162,93,,804,650,0.339,0.432,0.276,No,
MIN,Minnesota Twins,AL,1978,162,73,,666,678,0.339,0.375,0.267,No,
MON,Montreal Expos,NL,1978,162,76,,633,611,0.306,0.379,0.254,No,
NYM,New York Mets,NL,1978,162,66,,607,690,0.314,0.352,0.245,No,
NYY,New York Yankees,AL,1978,163,100,,735,582,0.329,0.388,0.267,Yes,1.0
OAK,Oakland Athletics,AL,1978,162,69,,532,690,0.303,0.351,0.245,No,
PHI,Philadelphia Phillies,NL,1978,162,90,,708,586,0.328,0.388,0.258,Yes,3.0
PIT,Pittsburgh Pirates,NL,1978,161,88,,684,637,0.32,0.385,0.257,No,
SDP,San Diego Padres,NL,1978,162,84,,591,598,0.321,0.348,0.252,No,
SEA,Seattle Mariners,AL,1978,160,56,,614,834,0.314,0.359,0.248,No,
SFG,San Francisco Giants,NL,1978,162,89,,613,594,0.318,0.374,0.248,No,
STL,St. Louis Cardinals,NL,1978,162,69,,600,657,0.303,0.358,0.249,No,
TEX,Texas Rangers,AL,1978,162,87,,692,632,0.332,0.381,0.253,No,
TOR,Toronto Blue Jays,AL,1978,161,59,,590,775,0.308,0.359,0.25,No,
ATL,Atlanta Braves,NL,1977,162,61,,678,895,0.32,0.376,0.254,No,
BAL,Baltimore Orioles,AL,1977,161,97,,719,653,0.329,0.393,0.261,No,
BOS,Boston Red Sox,AL,1977,161,97,,859,712,0.345,0.465,0.281,No,
CAL,California Angels,AL,1977,162,74,,675,695,0.324,0.386,0.255,No,
CHC,Chicago Cubs,NL,1977,162,81,,692,739,0.33,0.387,0.266,No,
CHW,Chicago White Sox,AL,1977,162,90,,844,771,0.344,0.444,0.278,No,
CIN,Cincinnati Reds,NL,1977,162,88,,802,725,0.345,0.436,0.274,No,
CLE,Cleveland Indians,AL,1977,161,71,,676,739,0.334,0.38,0.269,No,
DET,Detroit Tigers,AL,1977,162,74,,714,751,0.318,0.41,0.264,No,
HOU,Houston Astros,NL,1977,162,81,,680,650,0.32,0.385,0.254,No,
KCR,Kansas City Royals,AL,1977,162,102,,822,651,0.34,0.436,0.277,Yes,3.0
LAD,Los Angeles Dodgers,NL,1977,162,98,,769,582,0.336,0.418,0.266,Yes,2.0
MIL,Milwaukee Brewers,AL,1977,162,67,,639,765,0.314,0.389,0.258,No,
MIN,Minnesota Twins,AL,1977,161,84,,867,776,0.348,0.417,0.282,No,
MON,Montreal Expos,NL,1977,162,75,,665,736,0.318,0.402,0.26,No,
NYM,New York Mets,NL,1977,162,64,,587,663,0.313,0.346,0.244,No,
NYY,New York Yankees,AL,1977,162,100,,831,651,0.344,0.444,0.281,Yes,1.0
OAK,Oakland Athletics,AL,1977,161,63,,605,749,0.308,0.352,0.24,No,
PHI,Philadelphia Phillies,NL,1977,162,101,,847,668,0.346,0.448,0.279,Yes,3.0
PIT,Pittsburgh Pirates,NL,1977,162,96,,734,665,0.331,0.413,0.274,No,
SDP,San Diego Padres,NL,1977,162,69,,692,834,0.324,0.375,0.249,No,
SEA,Seattle Mariners,AL,1977,162,64,,624,855,0.312,0.381,0.256,No,
SFG,San Francisco Giants,NL,1977,162,75,,673,711,0.323,0.383,0.253,No,
STL,St. Louis Cardinals,NL,1977,162,83,,737,688,0.33,0.388,0.27,No,
TEX,Texas Rangers,AL,1977,162,94,,767,657,0.342,0.405,0.27,No,
TOR,Toronto Blue Jays,AL,1977,161,54,,605,822,0.316,0.365,0.252,No,
ATL,Atlanta Braves,NL,1976,162,70,,620,700,0.32,0.334,0.245,No,
BAL,Baltimore Orioles,AL,1976,162,88,,619,598,0.31,0.358,0.243,No,
BOS,Boston Red Sox,AL,1976,162,83,,716,660,0.324,0.402,0.263,No,
CAL,California Angels,AL,1976,162,76,,550,631,0.306,0.318,0.235,No,
CHC,Chicago Cubs,NL,1976,162,75,,611,728,0.313,0.356,0.251,No,
CHW,Chicago White Sox,AL,1976,161,64,,586,745,0.314,0.349,0.255,No,
CIN,Cincinnati Reds,NL,1976,162,102,,857,633,0.357,0.424,0.28,Yes,1.0
CLE,Cleveland Indians,AL,1976,159,81,,615,615,0.321,0.359,0.263,No,
DET,Detroit Tigers,AL,1976,161,74,,609,709,0.315,0.365,0.257,No,
HOU,Houston Astros,NL,1976,162,80,,625,657,0.322,0.347,0.256,No,
KCR,Kansas City Royals,AL,1976,162,90,,713,611,0.327,0.371,0.269,Yes,3.0
LAD,Los Angeles Dodgers,NL,1976,162,92,,608,543,0.313,0.349,0.251,No,
MIL,Milwaukee Brewers,AL,1976,161,66,,570,655,0.311,0.34,0.246,No,
MIN,Minnesota Twins,AL,1976,162,85,,743,704,0.341,0.375,0.274,No,
MON,Montreal Expos,NL,1976,162,55,,531,734,0.291,0.34,0.235,No,
NYM,New York Mets,NL,1976,162,86,,615,538,0.319,0.352,0.246,No,
NYY,New York Yankees,AL,1976,159,97,,730,575,0.328,0.389,0.269,Yes,2.0
OAK,Oakland Athletics,AL,1976,161,87,,686,598,0.323,0.361,0.246,No,
PHI,Philadelphia Phillies,NL,1976,162,101,,770,557,0.338,0.395,0.272,Yes,3.0
PIT,Pittsburgh Pirates,NL,1976,162,92,,708,630,0.321,0.391,0.267,No,
SDP,San Diego Padres,NL,1976,162,73,,570,662,0.31,0.337,0.247,No,
SFG,San Francisco Giants,NL,1976,162,74,,595,686,0.312,0.345,0.246,No,
STL,St. Louis Cardinals,NL,1976,162,72,,629,671,0.323,0.359,0.26,No,
TEX,Texas Rangers,AL,1976,162,76,,616,652,0.321,0.341,0.25,No,
ATL,Atlanta Braves,NL,1975,161,67,,583,739,0.313,0.346,0.244,No,
BAL,Baltimore Orioles,AL,1975,159,90,,682,553,0.326,0.373,0.252,No,
BOS,Boston Red Sox,AL,1975,160,95,,796,709,0.344,0.417,0.275,Yes,2.0
CAL,California Angels,AL,1975,161,72,,628,723,0.322,0.328,0.246,No,
CHC,Chicago Cubs,NL,1975,162,75,,712,827,0.338,0.368,0.259,No,
CHW,Chicago White Sox,AL,1975,161,75,,655,703,0.331,0.358,0.255,No,
CIN,Cincinnati Reds,NL,1975,162,108,,840,586,0.353,0.401,0.271,Yes,1.0
CLE,Cleveland Indians,AL,1975,159,79,,688,703,0.327,0.392,0.261,No,
DET,Detroit Tigers,AL,1975,159,57,,570,786,0.301,0.366,0.249,No,
HOU,Houston Astros,NL,1975,162,64,,664,711,0.32,0.359,0.254,No,
KCR,Kansas City Royals,AL,1975,162,91,,710,649,0.333,0.394,0.261,No,
LAD,Los Angeles Dodgers,NL,1975,162,88,,648,534,0.325,0.365,0.248,No,
MIL,Milwaukee Brewers,AL,1975,162,68,,675,792,0.32,0.389,0.25,No,
MIN,Minnesota Twins,AL,1975,159,76,,724,736,0.341,0.386,0.271,No,
MON,Montreal Expos,NL,1975,162,75,,601,690,0.317,0.348,0.244,No,
NYM,New York Mets,NL,1975,162,82,,646,625,0.319,0.361,0.256,No,
NYY,New York Yankees,AL,1975,160,83,,681,588,0.325,0.382,0.264,No,
OAK,Oakland Athletics,AL,1975,162,98,,758,606,0.333,0.391,0.254,Yes,3.0
PHI,Philadelphia Phillies,NL,1975,162,86,,735,694,0.342,0.402,0.269,No,
PIT,Pittsburgh Pirates,NL,1975,161,92,,712,565,0.323,0.402,0.263,Yes,3.0
SDP,San Diego Padres,NL,1975,162,71,,552,683,0.31,0.335,0.244,No,
SFG,San Francisco Giants,NL,1975,161,80,,659,671,0.333,0.365,0.259,No,
STL,St. Louis Cardinals,NL,1975,163,82,,662,689,0.327,0.375,0.273,No,
TEX,Texas Rangers,AL,1975,162,79,,714,733,0.33,0.371,0.256,No,
ATL,Atlanta Braves,NL,1974,163,88,,661,563,0.319,0.363,0.249,No,
BAL,Baltimore Orioles,AL,1974,162,91,,659,612,0.322,0.37,0.256,Yes,3.0
BOS,Boston Red Sox,AL,1974,162,84,,696,661,0.333,0.377,0.264,No,
CAL,California Angels,AL,1974,163,68,,618,657,0.321,0.356,0.254,No,
CHC,Chicago Cubs,NL,1974,162,66,,669,826,0.327,0.365,0.251,No,
CHW,Chicago White Sox,AL,1974,163,80,,684,721,0.33,0.389,0.268,No,
CIN,Cincinnati Reds,NL,1974,163,98,,776,631,0.343,0.394,0.26,No,
CLE,Cleveland Indians,AL,1974,162,77,,662,694,0.311,0.37,0.255,No,
DET,Detroit Tigers,AL,1974,162,72,,620,768,0.303,0.366,0.247,No,
HOU,Houston Astros,NL,1974,162,81,,653,632,0.322,0.378,0.263,No,
KCR,Kansas City Royals,AL,1974,162,77,,667,662,0.327,0.364,0.259,No,
LAD,Los Angeles Dodgers,NL,1974,162,102,,798,561,0.342,0.401,0.272,Yes,2.0
MIL,Milwaukee Brewers,AL,1974,162,76,,647,660,0.309,0.369,0.244,No,
MIN,Minnesota Twins,AL,1974,163,82,,673,669,0.336,0.378,0.272,No,
MON,Montreal Expos,NL,1974,161,79,,662,657,0.335,0.35,0.254,No,
NYM,New York Mets,NL,1974,162,71,,572,646,0.311,0.329,0.235,No,
NYY,New York Yankees,AL,1974,162,89,,671,623,0.324,0.368,0.263,No,
OAK,Oakland Athletics,AL,1974,162,90,,689,551,0.321,0.373,0.247,Yes,1.0
PHI,Philadelphia Phillies,NL,1974,162,80,,676,701,0.32,0.373,0.261,No,
PIT,Pittsburgh Pirates,NL,1974,162,88,,751,657,0.335,0.391,0.274,Yes,3.0
SDP,San Diego Padres,NL,1974,162,60,,541,830,0.302,0.33,0.229,No,
SFG,San Francisco Giants,NL,1974,162,72,,634,723,0.322,0.358,0.252,No,
STL,St. Louis Cardinals,NL,1974,161,86,,677,643,0.331,0.365,0.265,No,
TEX,Texas Rangers,AL,1974,161,83,,690,698,0.336,0.377,0.272,No,
ATL,Atlanta Braves,NL,1973,162,76,,799,774,0.339,0.427,0.266,No,
BAL,Baltimore Orioles,AL,1973,162,97,,754,561,0.345,0.389,0.266,Yes,3.0
BOS,Boston Red Sox,AL,1973,162,89,,738,647,0.338,0.401,0.267,No,
CAL,California Angels,AL,1973,162,79,,629,657,0.318,0.348,0.253,No,
CHC,Chicago Cubs,NL,1973,161,77,,614,655,0.32,0.357,0.247,No,
CHW,Chicago White Sox,AL,1973,162,77,,652,705,0.324,0.372,0.256,No,
CIN,Cincinnati Reds,NL,1973,162,99,,741,621,0.332,0.383,0.254,Yes,3.0
CLE,Cleveland Indians,AL,1973,162,71,,680,826,0.315,0.387,0.256,No,
DET,Detroit Tigers,AL,1973,162,85,,642,674,0.32,0.39,0.254,No,
HOU,Houston Astros,NL,1973,162,82,,681,672,0.312,0.376,0.251,No,
KCR,Kansas City Royals,AL,1973,162,88,,755,752,0.339,0.381,0.261,No,
LAD,Los Angeles Dodgers,NL,1973,162,95,,675,565,0.323,0.371,0.263,No,
MIL,Milwaukee Brewers,AL,1973,162,74,,708,731,0.325,0.388,0.253,No,
MIN,Minnesota Twins,AL,1973,162,81,,738,692,0.342,0.393,0.27,No,
MON,Montreal Expos,NL,1973,162,79,,668,702,0.34,0.364,0.251,No,
NYM,New York Mets,NL,1973,161,82,,608,588,0.315,0.338,0.246,Yes,2.0
NYY,New York Yankees,AL,1973,162,80,,641,610,0.322,0.378,0.261,No,
OAK,Oakland Athletics,AL,1973,162,94,,758,615,0.333,0.389,0.26,Yes,1.0
PHI,Philadelphia Phillies,NL,1973,162,71,,642,717,0.31,0.371,0.249,No,
PIT,Pittsburgh Pirates,NL,1973,162,80,,704,693,0.315,0.405,0.261,No,
SDP,San Diego Padres,NL,1973,162,60,,548,770,0.296,0.351,0.244,No,
SFG,San Francisco Giants,NL,1973,162,88,,739,702,0.335,0.407,0.262,No,
STL,St. Louis Cardinals,NL,1973,162,81,,643,603,0.325,0.357,0.259,No,
TEX,Texas Rangers,AL,1973,162,57,,619,844,0.318,0.361,0.255,No,
ATL,Atlanta Braves,NL,1971,162,82,,643,699,0.312,0.385,0.257,No,
BAL,Baltimore Orioles,AL,1971,158,101,,742,530,0.347,0.398,0.261,Yes,2.0
BOS,Boston Red Sox,AL,1971,162,85,,691,667,0.322,0.397,0.252,No,
CAL,California Angels,AL,1971,162,76,,511,576,0.29,0.329,0.231,No,
CHC,Chicago Cubs,NL,1971,162,83,,637,648,0.325,0.378,0.258,No,
CHW,Chicago White Sox,AL,1971,162,79,,617,597,0.325,0.373,0.25,No,
CIN,Cincinnati Reds,NL,1971,162,79,,586,581,0.3,0.366,0.241,No,
CLE,Cleveland Indians,AL,1971,162,60,,543,747,0.3,0.342,0.238,No,
DET,Detroit Tigers,AL,1971,162,91,,701,645,0.325,0.405,0.254,No,
HOU,Houston Astros,NL,1971,162,79,,585,567,0.302,0.34,0.24,No,
KCR,Kansas City Royals,AL,1971,161,85,,603,566,0.313,0.353,0.25,No,
LAD,Los Angeles Dodgers,NL,1971,162,89,,663,587,0.325,0.37,0.266,No,
MIL,Milwaukee Brewers,AL,1971,161,69,,534,609,0.304,0.329,0.229,No,
MIN,Minnesota Twins,AL,1971,160,74,,654,670,0.323,0.372,0.26,No,
MON,Montreal Expos,NL,1971,162,71,,622,729,0.322,0.343,0.246,No,
NYM,New York Mets,NL,1971,162,83,,588,550,0.319,0.351,0.249,No,
NYY,New York Yankees,AL,1971,162,81,,648,641,0.328,0.36,0.254,No,
OAK,Oakland Athletics,AL,1971,161,101,,691,564,0.321,0.384,0.252,Yes,3.0
PHI,Philadelphia Phillies,NL,1971,162,67,,558,688,0.298,0.35,0.233,No,
PIT,Pittsburgh Pirates,NL,1971,162,97,,788,599,0.33,0.416,0.274,Yes,1.0
SDP,San Diego Padres,NL,1971,161,61,,486,610,0.293,0.332,0.233,No,
SFG,San Francisco Giants,NL,1971,162,90,,706,644,0.329,0.378,0.247,Yes,3.0
STL,St. Louis Cardinals,NL,1971,163,90,,739,699,0.338,0.385,0.275,No,
WSA,Washington Senators,AL,1971,159,63,,537,660,0.307,0.326,0.23,No,
ATL,Atlanta Braves,NL,1970,162,76,,736,772,0.334,0.404,0.27,No,
BAL,Baltimore Orioles,AL,1970,162,108,,792,574,0.344,0.401,0.257,Yes,1.0
BOS,Boston Red Sox,AL,1970,162,87,,786,722,0.335,0.428,0.262,No,
CAL,California Angels,AL,1970,162,86,,631,630,0.309,0.363,0.251,No,
CHC,Chicago Cubs,NL,1970,162,84,,806,679,0.333,0.415,0.259,No,
CHW,Chicago White Sox,AL,1970,162,56,,633,822,0.315,0.362,0.253,No,
CIN,Cincinnati Reds,NL,1970,162,102,,775,681,0.336,0.436,0.27,Yes,2.0
CLE,Cleveland Indians,AL,1970,162,76,,649,675,0.314,0.394,0.249,No,
DET,Detroit Tigers,AL,1970,162,79,,666,731,0.322,0.374,0.238,No,
HOU,Houston Astros,NL,1970,162,79,,744,763,0.332,0.391,0.259,No,
KCR,Kansas City Royals,AL,1970,162,65,,611,705,0.309,0.348,0.244,No,
LAD,Los Angeles Dodgers,NL,1970,161,87,,749,684,0.334,0.382,0.27,No,
MIL,Milwaukee Brewers,AL,1970,163,65,,613,751,0.319,0.358,0.242,No,
MIN,Minnesota Twins,AL,1970,162,98,,744,605,0.327,0.403,0.262,Yes,3.0
MON,Montreal Expos,NL,1970,162,73,,687,807,0.323,0.365,0.237,No,
NYM,New York Mets,NL,1970,162,83,,695,630,0.333,0.37,0.249,No,
NYY,New York Yankees,AL,1970,163,93,,680,612,0.324,0.365,0.251,No,
OAK,Oakland Athletics,AL,1970,162,89,,678,593,0.325,0.392,0.249,No,
PHI,Philadelphia Phillies,NL,1970,161,73,,594,730,0.305,0.356,0.238,No,
PIT,Pittsburgh Pirates,NL,1970,162,89,,729,664,0.325,0.406,0.27,Yes,3.0
SDP,San Diego Padres,NL,1970,162,63,,681,788,0.312,0.391,0.246,No,
SFG,San Francisco Giants,NL,1970,162,86,,831,826,0.351,0.409,0.262,No,
STL,St. Louis Cardinals,NL,1970,162,76,,744,747,0.331,0.379,0.263,No,
WSA,Washington Senators,AL,1970,162,70,,626,689,0.321,0.358,0.238,No,
ATL,Atlanta Braves,NL,1969,162,93,,691,631,0.321,0.38,0.258,Yes,3.0
BAL,Baltimore Orioles,AL,1969,162,109,,779,517,0.343,0.414,0.265,Yes,2.0
BOS,Boston Red Sox,AL,1969,162,87,,743,736,0.333,0.415,0.251,No,
CAL,California Angels,AL,1969,163,71,,528,652,0.3,0.319,0.23,No,
CHC,Chicago Cubs,NL,1969,163,92,,720,611,0.323,0.384,0.253,No,
CHW,Chicago White Sox,AL,1969,162,68,,625,723,0.32,0.357,0.247,No,
CIN,Cincinnati Reds,NL,1969,163,89,,798,768,0.335,0.422,0.277,No,
CLE,Cleveland Indians,AL,1969,161,62,,573,717,0.307,0.345,0.237,No,
DET,Detroit Tigers,AL,1969,162,90,,701,601,0.316,0.387,0.242,No,
HOU,Houston Astros,NL,1969,162,81,,676,668,0.33,0.352,0.24,No,
KCR,Kansas City Royals,AL,1969,163,69,,586,688,0.309,0.338,0.24,No,
LAD,Los Angeles Dodgers,NL,1969,162,85,,645,561,0.315,0.359,0.254,No,
MIN,Minnesota Twins,AL,1969,162,97,,790,618,0.34,0.408,0.268,Yes,3.0
MON,Montreal Expos,NL,1969,162,52,,582,791,0.31,0.359,0.24,No,
NYM,New York Mets,NL,1969,162,100,,632,541,0.311,0.351,0.242,Yes,1.0
NYY,New York Yankees,AL,1969,162,80,,562,587,0.308,0.344,0.235,No,
OAK,Oakland Athletics,AL,1969,162,88,,740,678,0.329,0.376,0.249,No,
PHI,Philadelphia Phillies,NL,1969,162,63,,645,745,0.312,0.372,0.241,No,
PIT,Pittsburgh Pirates,NL,1969,162,88,,725,652,0.334,0.398,0.277,No,
SDP,San Diego Padres,NL,1969,162,52,,468,746,0.285,0.329,0.225,No,
SEP,Seattle Pilots,AL,1969,163,64,,639,799,0.316,0.346,0.234,No,
SFG,San Francisco Giants,NL,1969,162,90,,713,636,0.334,0.361,0.242,No,
STL,St. Louis Cardinals,NL,1969,162,87,,595,540,0.316,0.359,0.253,No,
WSA,Washington Senators,AL,1969,162,86,,694,644,0.33,0.378,0.251,No,
ATL,Atlanta Braves,NL,1968,163,81,,514,549,0.307,0.339,0.252,No,
BAL,Baltimore Orioles,AL,1968,162,91,,579,497,0.304,0.352,0.225,No,
BOS,Boston Red Sox,AL,1968,162,86,,614,611,0.313,0.352,0.236,No,
CAL,California Angels,AL,1968,162,67,,498,615,0.291,0.318,0.227,No,
CHC,Chicago Cubs,NL,1968,163,84,,612,611,0.298,0.366,0.242,No,
CHW,Chicago White Sox,AL,1968,162,67,,463,527,0.284,0.311,0.228,No,
CIN,Cincinnati Reds,NL,1968,163,83,,690,673,0.32,0.389,0.273,No,
CLE,Cleveland Indians,AL,1968,162,86,,516,504,0.293,0.327,0.234,No,
DET,Detroit Tigers,AL,1968,164,103,,671,492,0.307,0.385,0.235,Yes,1.0
HOU,Houston Astros,NL,1968,162,72,,510,588,0.298,0.317,0.231,No,
LAD,Los Angeles Dodgers,NL,1968,162,76,,470,509,0.289,0.319,0.23,No,
MIN,Minnesota Twins,AL,1968,162,79,,562,546,0.299,0.35,0.237,No,
NYM,New York Mets,NL,1968,163,73,,473,499,0.281,0.315,0.228,No,
NYY,New York Yankees,AL,1968,164,83,,536,531,0.292,0.318,0.214,No,
OAK,Oakland Athletics,AL,1968,163,82,,569,544,0.304,0.343,0.24,No,
PHI,Philadelphia Phillies,NL,1968,162,76,,543,615,0.294,0.333,0.233,No,
PIT,Pittsburgh Pirates,NL,1968,163,80,,583,532,0.306,0.343,0.252,No,
SFG,San Francisco Giants,NL,1968,163,88,,599,529,0.307,0.341,0.239,No,
STL,St. Louis Cardinals,NL,1968,162,97,,583,472,0.298,0.346,0.249,Yes,2.0
WSA,Washington Senators,AL,1968,161,65,,524,665,0.287,0.336,0.224,No,
ATL,Atlanta Braves,NL,1967,162,77,,631,640,0.307,0.372,0.24,No,
BAL,Baltimore Orioles,AL,1967,161,76,,654,592,0.31,0.372,0.24,No,
BOS,Boston Red Sox,AL,1967,162,92,,722,614,0.321,0.395,0.255,Yes,2.0
CAL,California Angels,AL,1967,161,84,,567,587,0.301,0.349,0.238,No,
CHC,Chicago Cubs,NL,1967,162,87,,702,624,0.316,0.378,0.251,No,
CHW,Chicago White Sox,AL,1967,162,89,,531,491,0.291,0.32,0.225,No,
CIN,Cincinnati Reds,NL,1967,162,87,,604,563,0.297,0.372,0.248,No,
CLE,Cleveland Indians,AL,1967,162,75,,559,613,0.293,0.359,0.235,No,
DET,Detroit Tigers,AL,1967,163,91,,683,587,0.325,0.376,0.243,No,
HOU,Houston Astros,NL,1967,162,69,,626,742,0.317,0.364,0.249,No,
KCA,Kansas City Athletics,AL,1967,161,62,,533,660,0.296,0.33,0.233,No,
LAD,Los Angeles Dodgers,NL,1967,162,73,,519,595,0.301,0.332,0.236,No,
MIN,Minnesota Twins,AL,1967,164,91,,671,590,0.309,0.369,0.24,No,
NYM,New York Mets,NL,1967,162,61,,498,672,0.288,0.325,0.238,No,
NYY,New York Yankees,AL,1967,163,72,,522,621,0.296,0.317,0.225,No,
PHI,Philadelphia Phillies,NL,1967,162,82,,612,581,0.313,0.357,0.242,No,
PIT,Pittsburgh Pirates,NL,1967,163,81,,679,693,0.324,0.38,0.277,No,
SFG,San Francisco Giants,NL,1967,162,91,,652,551,0.313,0.372,0.245,No,
STL,St. Louis Cardinals,NL,1967,161,101,,695,557,0.32,0.379,0.263,Yes,1.0
WSA,Washington Senators,AL,1967,161,76,,550,637,0.288,0.326,0.223,No,
ATL,Atlanta Braves,NL,1966,163,85,,782,683,0.326,0.424,0.263,No,
BAL,Baltimore Orioles,AL,1966,160,97,,755,601,0.324,0.409,0.258,Yes,1.0
BOS,Boston Red Sox,AL,1966,162,72,,655,731,0.31,0.376,0.24,No,
CAL,California Angels,AL,1966,162,80,,604,643,0.303,0.354,0.232,No,
CHC,Chicago Cubs,NL,1966,162,59,,644,809,0.313,0.38,0.254,No,
CHW,Chicago White Sox,AL,1966,163,83,,574,517,0.297,0.331,0.231,No,
CIN,Cincinnati Reds,NL,1966,160,76,,692,702,0.309,0.395,0.26,No,
CLE,Cleveland Indians,AL,1966,162,81,,574,586,0.297,0.36,0.237,No,
DET,Detroit Tigers,AL,1966,162,88,,719,698,0.321,0.406,0.251,No,
HOU,Houston Astros,NL,1966,163,72,,612,695,0.318,0.365,0.255,No,
KCA,Kansas City Athletics,AL,1966,160,74,,564,648,0.294,0.337,0.236,No,
LAD,Los Angeles Dodgers,NL,1966,162,95,,606,490,0.314,0.362,0.256,Yes,2.0
MIN,Minnesota Twins,AL,1966,162,89,,663,581,0.316,0.382,0.249,No,
NYM,New York Mets,NL,1966,161,66,,587,761,0.301,0.342,0.239,No,
NYY,New York Yankees,AL,1966,160,70,,611,612,0.299,0.374,0.235,No,
PHI,Philadelphia Phillies,NL,1966,162,87,,696,640,0.322,0.378,0.258,No,
PIT,Pittsburgh Pirates,NL,1966,162,92,,759,641,0.329,0.428,0.279,No,
SFG,San Francisco Giants,NL,1966,161,93,,675,626,0.303,0.392,0.248,No,
STL,St. Louis Cardinals,NL,1966,162,83,,571,577,0.298,0.368,0.251,No,
WSA,Washington Senators,AL,1966,159,71,,557,659,0.295,0.355,0.234,No,
BAL,Baltimore Orioles,AL,1965,162,94,,641,578,0.307,0.363,0.238,No,
BOS,Boston Red Sox,AL,1965,162,62,,669,791,0.327,0.4,0.251,No,
CAL,California Angels,AL,1965,162,75,,527,569,0.297,0.341,0.239,No,
CHC,Chicago Cubs,NL,1965,164,72,,635,723,0.307,0.358,0.238,No,
CHW,Chicago White Sox,AL,1965,162,95,,647,555,0.315,0.364,0.246,No,
CIN,Cincinnati Reds,NL,1965,162,89,,825,704,0.339,0.439,0.273,No,
CLE,Cleveland Indians,AL,1965,162,87,,663,613,0.315,0.379,0.25,No,
DET,Detroit Tigers,AL,1965,162,89,,680,602,0.312,0.374,0.238,No,
HOU,Houston Astros,NL,1965,162,65,,569,711,0.305,0.34,0.237,No,
KCA,Kansas City Athletics,AL,1965,162,59,,585,755,0.309,0.358,0.24,No,
LAD,Los Angeles Dodgers,NL,1965,162,97,,608,521,0.312,0.335,0.245,Yes,1.0
MIN,Minnesota Twins,AL,1965,162,102,,774,600,0.324,0.399,0.254,Yes,2.0
MLN,Milwaukee Braves,NL,1965,162,86,,708,633,0.31,0.416,0.256,No,
NYM,New York Mets,NL,1965,164,50,,495,752,0.277,0.327,0.221,No,
NYY,New York Yankees,AL,1965,162,77,,611,604,0.299,0.364,0.235,No,
PHI,Philadelphia Phillies,NL,1965,162,85,,654,667,0.313,0.384,0.25,No,
PIT,Pittsburgh Pirates,NL,1965,163,90,,675,580,0.317,0.382,0.265,No,
SFG,San Francisco Giants,NL,1965,163,95,,682,593,0.313,0.385,0.252,No,
STL,St. Louis Cardinals,NL,1965,162,80,,707,674,0.314,0.371,0.254,No,
WSA,Washington Senators,AL,1965,162,70,,591,721,0.304,0.35,0.228,No,
BAL,Baltimore Orioles,AL,1964,163,97,,679,567,0.316,0.387,0.248,No,
BOS,Boston Red Sox,AL,1964,162,72,,688,793,0.322,0.416,0.258,No,
CHC,Chicago Cubs,NL,1964,162,76,,649,724,0.314,0.39,0.251,No,
CHW,Chicago White Sox,AL,1964,162,98,,642,501,0.32,0.353,0.247,No,
CIN,Cincinnati Reds,NL,1964,163,92,,660,566,0.308,0.372,0.249,No,
CLE,Cleveland Indians,AL,1964,164,79,,689,693,0.312,0.38,0.247,No,
DET,Detroit Tigers,AL,1964,163,85,,699,678,0.319,0.395,0.253,No,
HOU,Houston Astros,NL,1964,162,66,,495,628,0.285,0.315,0.229,No,
KCA,Kansas City Athletics,AL,1964,163,57,,621,836,0.311,0.379,0.239,No,
LAA,Los Angeles Angels,AL,1964,162,82,,544,551,0.304,0.344,0.242,No,
LAD,Los Angeles Dodgers,NL,1964,164,80,,614,572,0.305,0.34,0.25,No,
MIN,Minnesota Twins,AL,1964,163,79,,737,678,0.322,0.427,0.252,No,
MLN,Milwaukee Braves,NL,1964,162,88,,803,744,0.333,0.418,0.272,No,
NYM,New York Mets,NL,1964,163,53,,569,776,0.296,0.348,0.246,No,
NYY,New York Yankees,AL,1964,164,99,,730,577,0.317,0.387,0.253,Yes,2.0
PHI,Philadelphia Phillies,NL,1964,162,92,,693,632,0.315,0.391,0.258,No,
PIT,Pittsburgh Pirates,NL,1964,162,80,,663,636,0.315,0.389,0.264,No,
SFG,San Francisco Giants,NL,1964,162,90,,656,587,0.31,0.382,0.246,No,
STL,St. Louis Cardinals,NL,1964,162,93,,715,652,0.324,0.392,0.272,Yes,1.0
WSA,Washington Senators,AL,1964,162,62,,578,733,0.299,0.348,0.231,No,
BAL,Baltimore Orioles,AL,1963,162,86,,644,621,0.31,0.38,0.249,No,
BOS,Boston Red Sox,AL,1963,161,76,,666,704,0.312,0.4,0.252,No,
CHC,Chicago Cubs,NL,1963,162,82,,570,578,0.297,0.363,0.238,No,
CHW,Chicago White Sox,AL,1963,162,94,,683,544,0.323,0.365,0.25,No,
CIN,Cincinnati Reds,NL,1963,162,86,,648,594,0.31,0.371,0.246,No,
CLE,Cleveland Indians,AL,1963,162,79,,635,702,0.301,0.381,0.239,No,
DET,Detroit Tigers,AL,1963,162,79,,700,703,0.327,0.382,0.252,No,
HOU,Houston Astros,NL,1963,162,66,,464,640,0.283,0.301,0.22,No,
KCA,Kansas City Athletics,AL,1963,162,73,,615,704,0.313,0.353,0.247,No,
LAA,Los Angeles Angels,AL,1963,161,70,,597,660,0.309,0.354,0.25,No,
LAD,Los Angeles Dodgers,NL,1963,163,99,,640,550,0.309,0.357,0.251,Yes,1.0
MIN,Minnesota Twins,AL,1963,161,91,,767,602,0.325,0.43,0.255,No,
MLN,Milwaukee Braves,NL,1963,163,84,,677,603,0.312,0.37,0.244,No,
NYM,New York Mets,NL,1963,162,51,,501,774,0.285,0.315,0.219,No,
NYY,New York Yankees,AL,1963,161,104,,714,547,0.309,0.403,0.252,Yes,2.0
PHI,Philadelphia Phillies,NL,1963,162,87,,642,578,0.306,0.381,0.252,No,
PIT,Pittsburgh Pirates,NL,1963,162,74,,567,595,0.309,0.359,0.25,No,
SFG,San Francisco Giants,NL,1963,162,88,,725,641,0.316,0.414,0.258,No,
STL,St. Louis Cardinals,NL,1963,162,93,,747,628,0.326,0.403,0.271,No,
WSA,Washington Senators,AL,1963,162,56,,578,812,0.293,0.351,0.227,No,
BAL,Baltimore Orioles,AL,1962,162,77,,652,680,0.314,0.387,0.248,No,
BOS,Boston Red Sox,AL,1962,160,76,,707,756,0.324,0.403,0.258,No,
CHC,Chicago Cubs,NL,1962,162,59,,632,827,0.317,0.377,0.253,No,
CHW,Chicago White Sox,AL,1962,162,85,,707,658,0.334,0.372,0.257,No,
CIN,Cincinnati Reds,NL,1962,162,98,,802,685,0.332,0.417,0.27,No,
CLE,Cleveland Indians,AL,1962,162,80,,682,745,0.312,0.388,0.245,No,
DET,Detroit Tigers,AL,1962,161,85,,758,692,0.33,0.411,0.248,No,
HOU,Houston Astros,NL,1962,162,64,,592,717,0.31,0.351,0.246,No,
KCA,Kansas City Athletics,AL,1962,162,72,,745,837,0.332,0.386,0.263,No,
LAA,Los Angeles Angels,AL,1962,162,86,,718,706,0.325,0.38,0.25,No,
LAD,Los Angeles Dodgers,NL,1962,165,102,,842,697,0.337,0.4,0.268,No,
MIN,Minnesota Twins,AL,1962,163,91,,798,713,0.338,0.412,0.26,No,
MLN,Milwaukee Braves,NL,1962,162,86,,730,665,0.326,0.403,0.252,No,
NYM,New York Mets,NL,1962,161,40,,617,948,0.318,0.361,0.24,No,
NYY,New York Yankees,AL,1962,162,96,,817,680,0.337,0.426,0.267,Yes,1.0
PHI,Philadelphia Phillies,NL,1962,161,81,,705,759,0.33,0.39,0.26,No,
PIT,Pittsburgh Pirates,NL,1962,161,93,,706,626,0.321,0.394,0.268,No,
SFG,San Francisco Giants,NL,1962,165,103,,878,690,0.341,0.441,0.278,Yes,2.0
STL,St. Louis Cardinals,NL,1962,163,84,,774,664,0.335,0.394,0.271,No,
WSA,Washington Senators,AL,1962,162,60,,599,716,0.308,0.373,0.25,No,
